date,strategy_equity,buy_hold_equity
2020-01-02,100000.0,100000.0
2020-01-03,98570.8081466065,99027.82822731344
2020-01-06,99637.61572020338,99816.85369613583
2020-01-07,99001.0950048464,99347.40693601819
2020-01-08,101164.34327361388,100945.55338583035
2020-01-09,104083.12407564238,103089.71397457932
2020-01-10,104402.76645028095,103322.78819488242
2020-01-13,107431.89309027372,105530.21750678448
2020-01-14,105461.87691450225,104105.23810020591
2020-01-15,105012.77368682022,103659.06925638492
2020-01-16,106554.65616715295,104957.53229218136
2020-01-17,107946.12125515135,106119.52077208918
2020-01-21,107091.14603399781,105400.33958991877
2020-01-22,107538.09981673639,105776.60092051566
2020-01-23,108145.36610090853,106286.00687420368
2020-01-24,107776.97652670908,105979.68467011696
2020-01-27,104032.69724671614,102863.33123315738
2020-01-28,107545.39074009133,105773.24991219414
2020-01-29,110240.79001129001,107987.34962745328
2020-01-30,110050.5357232722,107830.86386149339
2020-01-31,104297.99795587819,103049.77585653304
2020-02-03,103957.40656998183,102766.78425755305
2020-02-04,108057.48684967181,106159.47996565959
2020-02-05,109110.4237600995,107025.12550211123
2020-02-06,110620.94293234785,108276.98001650428
2020-02-07,108835.96809628328,106805.23402209203
2020-02-10,109442.00357863752,107312.52188561452
2020-02-11,108677.09081006469,106665.05017397321
2020-02-12,111640.63044413971,109198.1279455021
2020-02-13,110712.63898037386,108420.49379742063
2020-02-14,110742.23552329448,108447.20702413499
2020-02-18,108333.37895132299,106461.48168731913
2020-02-19,110168.88812652146,108003.35648795785
2020-02-20,108637.68712768078,106895.32134957964
2020-02-21,106362.47885826441,104475.73527497923
2020-02-24,99572.30345097075,99513.12378150543
2020-02-25,95022.06557071723,96142.38876944338
2020-02-26,97013.35831208162,97667.57175504637
2020-02-27,89695.54051190757,91283.21594793336
2020-02-28,89614.17610105308,91229.81057002867
2020-03-02,100708.37474151184,99723.38374704063
2020-03-03,96994.20003848244,96556.22775939468
2020-03-04,102131.77804440992,101034.95575878686
2020-03-05,98341.01669364698,97757.69069582004
2020-03-06,96846.91051159849,96459.44895302595
2020-03-09,88003.91507800025,88830.26731878555
2020-03-10,95289.81938658179,95227.95339485072
2020-03-11,91357.86197392542,91920.64517237201
2020-03-12,80912.13284097168,82843.05868658813
2020-03-13,89717.57949832572,92768.32382458383
2020-03-16,76520.99203870987,80833.97113137948
2020-03-17,80403.62778135359,84388.24761338136
2020-03-18,78127.89982612769,82322.41947858948
2020-03-19,77443.00694138338,81691.66065750793
2020-03-20,71602.63635985224,76505.42731626074
2020-03-23,69819.95044161384,74880.13559149149
2020-03-24,76179.63550347759,82392.50613376789
2020-03-25,75582.84420381731,81938.6289170311
2020-03-26,80126.84257090435,86250.49145487616
2020-03-27,76187.02228327264,82679.52315783856
2020-03-30,78691.3708489723,85039.03345117718
2020-03-31,78501.38855920281,84865.49231739197
2020-04-01,74726.00214945318,80400.11039359495
2020-04-02,76361.49131307406,81741.73083373408
2020-04-03,74884.02613257674,80566.9916617851
2020-04-06,83700.87984985266,87595.44709669382
2020-04-07,82388.95639126521,86580.88190741086
2020-04-08,84837.25660666593,88796.9153020002
2020-04-09,85562.0244990399,89437.64284595031
2020-04-13,87548.05694596024,91193.10754492175
2020-04-14,91552.50541869481,95798.67858571859
2020-04-15,90426.42590169433,94924.26563126838
2020-04-16,91051.16101634377,95678.505947671
2020-04-17,89567.15394175446,94380.24312935286
2020-04-20,87421.89883148816,92421.2415570134
2020-04-21,83848.49653098056,89564.46481183093
2020-04-22,87034.4147072568,92144.24594462138
2020-04-23,86631.09523437737,91787.16334089634
2020-04-24,89941.98194665895,94436.99951557913
2020-04-27,90024.55651987513,94503.75623795998
2020-04-28,88667.5090317237,92971.90284899992
2020-04-29,92055.44273598342,96025.5776774794
2020-04-30,94611.8830491398,98051.34650996178
2020-05-01,92849.01660811421,96472.78975974015
2020-05-04,94365.13095129146,97837.7776871531
2020-05-05,96005.35432287116,99306.18321100579
2020-05-06,97136.79091004144,100330.78034972941
2020-05-07,98033.06220593769,101368.6656063571
2020-05-08,100731.2018560588,103781.46536221822
2020-05-11,102812.2826852766,105414.47072878428
2020-05-12,101709.27208288235,104209.77269941954
2020-05-13,100045.61900208669,102951.51122571985
2020-05-14,100870.60493340911,103583.97716424824
2020-05-15,100068.70117507727,102971.5962001252
2020-05-18,103261.4597213987,105397.74730046249
2020-05-19,102456.10076225516,104788.696269137
2020-05-20,105149.38931366647,106826.64675451157
2020-05-21,104092.79439535503,106030.18162570482
2020-05-22,104666.25648435383,106712.84946248458
2020-05-26,103692.6484487179,105990.0643657042
2020-05-27,104069.38746844775,106451.85017283513
2020-05-28,104102.32315491131,106498.72213828898
2020-05-29,103986.06937172079,106394.97787122669
2020-06-01,105451.29426553714,107703.42016765373
2020-06-02,106011.86266279347,108201.98276422574
2020-06-03,106681.8411989221,108797.68245107506
2020-06-04,105627.18793900753,107860.6857280029
2020-06-05,109068.00637178854,110932.6751868688
2020-06-08,109807.60791639388,111588.54549483806
2020-06-09,113799.31155547775,115112.26773587018
2020-06-10,117210.13889111581,118073.83198655468
2020-06-11,110698.13276347223,112405.0639847641
2020-06-12,111792.22738418457,113375.49702671779
2020-06-15,113401.73784858399,114777.64110300445
2020-06-16,116845.77149841339,117819.51363802433
2020-06-17,116659.20056615336,117655.52498550799
2020-06-18,116712.19503615676,117702.37587543779
2020-06-19,115942.69896736034,117029.78213914676
2020-06-22,119467.67129101968,120091.71857304797
2020-06-23,122429.64980457755,122655.03972156708
2020-06-24,119957.72139767418,120489.90898640329
2020-06-25,121824.02824744444,122089.49910961186
2020-06-26,117478.05369294628,118338.19282228778
2020-06-29,121073.83830754868,121065.4815477992
2020-06-30,121952.48028533629,122076.0950763256
2020-07-01,121662.65411558106,121845.20217276014
2020-07-02,121638.95288003805,121845.20217276014
2020-07-06,125375.38086855732,125104.57411582123
2020-07-07,124996.7528082638,124716.41565190659
2020-07-08,128368.95273966345,127621.05491217255
2020-07-09,129019.45895931749,128169.872095806
2020-07-10,129281.95158245899,128394.09459601437
2020-07-13,128582.35476050079,127801.81968182074
2020-07-14,131077.84443631998,129916.68529216106
2020-07-15,132124.32754788402,130810.17159586294
2020-07-16,129928.34905043126,129200.56006097572
2020-07-17,129574.18378364046,128939.55023356424
2020-07-20,133265.3070943235,131656.81754739702
2020-07-21,131544.44597763024,129839.73855390925
2020-07-22,131994.4322888516,130204.49264838302
2020-07-23,123848.31645525833,124278.03421421647
2020-07-24,123431.62881326705,123970.17349687518
2020-07-27,126800.63010550142,126908.31230259477
2020-07-28,124407.39895365345,124823.51092729038
2020-07-29,127556.97665536108,127216.1835576981
2020-07-30,128918.82436136022,128755.49768216655
2020-07-31,144719.0810481855,142234.7284381846
2020-08-03,148960.2793723956,145818.71614019483
2020-08-04,150275.49431472283,146792.52126599412
2020-08-05,150873.59835702414,147324.60448354378
2020-08-06,157022.7891760832,152464.62973834423
2020-08-07,152936.43388009784,148998.21184716327
2020-08-10,155523.11809069765,151163.91162147603
2020-08-11,150187.07002930433,146668.30212733182
2020-08-12,155927.22222685145,151542.70201495715
2020-08-13,157514.3519446003,154224.68890155535
2020-08-14,157430.10066085655,154087.202720513
2020-08-17,157183.49033290337,153684.9131177329
2020-08-18,157969.35562074158,154965.53572243373
2020-08-19,158088.26982439897,155159.95743165663
2020-08-20,160193.0141120524,158602.8866513006
2020-08-21,165146.1153171554,166776.11186298053
2020-08-24,166331.23394815653,168770.8048352733
2020-08-25,165512.5082216186,167386.24828379386
2020-08-26,166862.97071773768,169662.49971943223
2020-08-27,165666.1287958495,167634.29666392383
2020-08-28,165505.12565752066,167362.77015001889
2020-08-31,168872.7107515618,173038.40877264488
2020-09-01,172908.6826387085,179930.95869081392
2020-09-02,170759.27261423852,176203.1199995028
2020-09-03,162556.5722735289,162096.11260905414
2020-09-04,162621.1197619089,162203.38702639227
2020-09-08,156054.9917864822,151287.95161818413
2020-09-09,159789.66944263992,157322.27458436182
2020-09-10,156659.80930630135,152186.39067003422
2020-09-11,155425.74420648316,150188.3466894199
2020-09-14,158223.41512681334,154694.00920852882
2020-09-15,158371.52679340483,154935.35557201563
2020-09-16,152908.26279544664,150362.65181095136
2020-09-17,151375.93325201492,147962.3182275569
2020-09-18,148494.93576192373,143268.93601586824
2020-09-21,151196.8759984363,147613.68690896992
2020-09-22,152622.57099635687,149933.53306607468
2020-09-23,148781.4314549459,143644.42808983786
2020-09-24,149698.1083107212,145119.4724037616
2020-09-25,157222.97606424644,150563.84930115152
2020-09-28,162266.8564759844,154157.59497078994
2020-09-29,160649.11397982622,152990.9382623084
2020-09-30,163904.29207377264,155297.40146165094
2020-10-01,165755.704073828,156611.58683837752
2020-10-02,158605.1350147749,151556.08497271943
2020-10-05,164331.31672163948,156222.70126888365
2020-10-06,160008.96298461134,151743.8573541093
2020-10-07,163600.47479489204,154318.50659679723
2020-10-08,163388.28228405135,154171.00954183828
2020-10-09,166695.90055989663,156852.94373962638
2020-10-12,180698.92464127237,166816.3345006014
2020-10-13,174239.54381155712,162391.1277944961
2020-10-14,174413.86001460959,162511.8062451205
2020-10-15,173478.13143378895,161868.15974109154
2020-10-16,170196.51724221004,159601.92971713183
2020-10-19,164342.50925140642,155525.3964806616
2020-10-20,167273.59019771195,157577.05659442098
2020-10-21,166045.952749813,156718.86125571572
2020-10-22,163920.57933577397,155216.9561864094
2020-10-23,162557.09473720295,154264.89046365223
2020-10-26,162512.26812224757,154278.30503470052
2020-10-27,165364.1036403122,156356.7732150324
2020-10-28,154974.44574566514,149115.5498272283
2020-10-29,162756.25204913912,154640.34038657378
2020-10-30,150371.82414300696,145977.67828022898
2020-11-02,150204.77163746592,145856.99982960455
2020-11-03,153250.60097156005,148096.37963594368
2020-11-04,158892.5220608479,154144.19093750376
2020-11-05,164024.6294992065,159615.33375041813
2020-11-06,163855.0573083941,159433.99994162098
2020-11-09,159426.66617516143,156250.41558298975
2020-11-10,158772.44095256898,155780.25225505492
2020-11-11,165308.04892822827,160508.6198366417
2020-11-12,164782.02625860332,160132.49549695104
2020-11-13,164872.13336981714,160199.6737298126
2020-11-16,166539.65816671198,161596.68591599676
2020-11-17,165061.18813205336,160374.30552196666
2020-11-18,162555.490509695,158547.44748532664
2020-11-19,163664.89954654063,159366.8006332354
2020-11-20,161256.70431133706,157620.54593826726
2020-11-23,154768.63901905462,152932.51690968347
2020-11-24,157192.41060427416,154705.65343555826
2020-11-25,158559.66716703228,155860.84505896477
2020-11-27,159459.30149109822,156613.1148138701
2020-11-30,163910.29989470984,159917.56730284207
2020-12-01,170667.70834542348,164847.40635644147
2020-12-02,171220.9306203484,165331.0369442347
2020-12-03,170992.3814907017,165142.95896774632
2020-12-04,169875.02905795453,164216.06795844896
2020-12-07,172332.56602608156,166231.00397157733
2020-12-08,173350.44291087502,167077.2811014408
2020-12-09,170017.8295399996,163584.74009821846
2020-12-10,171872.68967376158,165545.92298729555
2020-12-11,170480.28853856307,164431.02776584396
2020-12-14,169297.1302264778,163584.74009821846
2020-12-15,180690.5364712437,171778.74577659692
2020-12-16,180548.5529502201,171684.71732611477
2020-12-17,181658.69493999798,172880.25804028628
2020-12-18,179038.38650823527,170139.94464092123
2020-12-21,181057.8973187963,172248.88802900774
2020-12-22,185747.81488223502,177151.89794051056
2020-12-23,184217.14475373796,175916.0397488601
2020-12-24,185875.70901056277,177272.7660708513
2020-12-28,193527.76056067192,183613.02134392108
2020-12-29,190563.1011519756,181168.26055586088
2020-12-30,188363.1093988227,179623.50894619137
2020-12-31,186978.51494952576,178239.92186881753
2021-01-04,180640.938453875,173833.9676539182
2021-01-05,183661.55917354065,175983.1863684356
2021-01-06,175409.26796723407,170059.33076148736
2021-01-07,183522.21991137534,175862.3287758569
2021-01-08,184898.1639146202,177380.18801685775
2021-01-11,180986.45015332874,173256.382379977
2021-01-12,180756.5953478454,173014.58289272344
2021-01-13,183425.68495799668,175822.02183614
2021-01-14,179684.01614147716,173162.3223162088
2021-01-15,176810.0871124101,170784.71868548612
2021-01-19,178072.76783018687,171711.58861925945
2021-01-20,185983.40203680884,177353.35887476118
2021-01-21,192121.83751926868,183854.84190669874
2021-01-22,195623.17231097477,186810.03081136264
2021-01-25,200514.5442497934,191981.6904277396
2021-01-26,200899.5451264297,192304.061643379
2021-01-27,198810.75359215794,190826.4988043331
2021-01-28,189408.79511121623,184150.32075366942
2021-01-29,179828.3911809314,177259.38311308908
2021-02-01,183840.04222209932,180187.67964908434
2021-02-02,185420.59803532672,181329.48831472866
2021-02-03,183463.03967112268,179919.00886868616
2021-02-04,189843.00542446534,184553.3058487427
2021-02-05,189045.33646166054,183981.56903272116
2021-02-08,189326.3704756174,184183.36717535628
2021-02-09,187642.69896435202,182972.6204705935
2021-02-10,186481.80416479424,182138.5566069083
2021-02-11,185996.39147696496,181788.76613449937
2021-02-12,186440.8333062576,182111.66423823964
2021-02-16,182376.2690735743,179178.920766673
2021-02-17,178008.36649290816,176017.4657082785
2021-02-18,175929.68585548218,174497.3303106819
2021-02-19,176223.07117673097,174712.5851754134
2021-02-22,169089.74889130733,169506.3090108089
2021-02-23,168834.57117871355,169317.9570525081
2021-02-24,167905.21137052472,168631.85390531065
2021-02-25,159972.32271505106,162766.40911322544
2021-02-26,160457.26730248434,163129.66684549276
2021-03-01,172182.3273025713,171914.36677376222
2021-03-02,167298.46626084068,168322.4441369528
2021-03-03,161741.000504384,164205.85686705407
2021-03-04,159355.7517230772,161609.46822132403
2021-03-05,161619.75797504827,163344.89009693818
2021-03-08,152554.59216559565,156537.73820215897
2021-03-09,160853.39188013622,162900.91310761683
2021-03-10,158850.43761110352,161407.67007868888
2021-03-11,162342.64329770126,164071.33179713864
2021-03-12,160668.92344037112,162820.2149260868
2021-03-15,165919.69960198647,166802.24551278408
2021-03-16,167787.13359612043,168927.85964038226
2021-03-17,166282.48850125007,167838.1496701525
2021-03-18,158744.1592840479,162147.5895765097
2021-03-19,158042.71446731043,161421.1268007852
2021-03-22,162117.90245235508,165995.08455552952
2021-03-23,160579.33037428063,164851.60038572445
2021-03-24,156766.23002504083,161555.63079517658
2021-03-25,157615.71092282084,162228.2982958017
2021-03-26,158533.36301171262,163062.3621594869
2021-03-29,158824.560211489,163304.50939288703
2021-03-30,156997.4404797787,161300.04791520405
2021-03-31,160942.75558408606,164326.93575263504
2021-04-01,162462.46502910217,165470.43046020213
2021-04-05,167664.80044491217,169371.7944786554
2021-04-06,168219.54751133875,169788.81587273598
2021-04-07,170806.26299372918,172062.34856577383
2021-04-08,174569.7755664163,175371.78541618006
2021-04-09,179338.81752452278,178923.31681117637
2021-04-12,176117.71574738476,176555.63975227418
2021-04-13,181903.85107640014,180847.0695695673
2021-04-14,177557.8821372155,177618.36251397713
2021-04-15,180519.94927146158,180941.25608647973
2021-04-16,180104.7208013428,180483.89613939615
2021-04-19,180935.36714128597,181398.6160335633
2021-04-20,178822.94548174788,179071.3302164742
2021-04-21,179406.30378940437,179595.94216075348
2021-04-22,176946.6796137434,177497.32577944413
2021-04-23,180742.62945844964,180699.1193908416
2021-04-26,181432.73700890283,181237.1985949792
2021-04-27,180889.28374890232,180793.2426811819
2021-04-28,179604.09688107978,179703.5748620002
2021-04-29,179443.18364831424,179569.09194313287
2021-04-30,176971.99336472974,176851.59279853568
2021-05-03,178653.35782050557,178304.45512341254
2021-05-04,171250.28957132407,171995.05441753002
2021-05-05,171644.19903042205,172331.40924336662
2021-05-06,173606.80862611483,174537.6583259227
2021-05-07,174448.4421833172,175467.48937082294
2021-05-10,170352.03301035427,170939.6448626672
2021-05-11,168599.4808164452,169672.97425487754
2021-05-12,164714.99988540375,165441.53591675006
2021-05-13,168109.9296751148,168406.21934499175
2021-05-14,172556.87524336367,171748.20734227006
2021-05-17,170385.47122239802,170158.04851606715
2021-05-18,167788.28425433356,168244.50684907116
2021-05-19,167496.45316458092,168028.9042381931
2021-05-20,172270.08490914418,171559.5287133467
2021-05-21,168850.46310337906,169026.11373343325
2021-05-24,171821.85063788743,171276.51603884267
2021-05-25,171450.49899673124,171007.06546405517
2021-05-26,171358.73899596336,170939.6448626672
2021-05-27,168479.3996441993,168823.9573068895
2021-05-28,167257.1672017996,167921.10293275406
2021-06-01,166657.27301688524,167476.3883000915
2021-06-02,168071.47368605545,168527.47737252712
2021-06-03,165298.02783898995,166479.18934261336
2021-06-04,169567.40647325903,169645.99758411272
2021-06-07,169585.67801476357,169659.4859194951
2021-06-08,171121.51811490257,170791.39962660495
2021-06-09,171836.5528118934,171316.93889394178
2021-06-10,169964.01176401135,169942.4775184751
2021-06-11,172233.8099898878,171613.41882830416
2021-06-14,177983.75429287314,175831.30560447715
2021-06-15,176427.39288779144,174699.36028408122
2021-06-16,177366.79611050122,175386.62258510062
2021-06-17,180401.6278813361,177596.67579974505
2021-06-18,177930.64646802781,175804.39216028445
2021-06-21,181287.04413754906,178283.88541195434
2021-06-22,184383.8400426732,180547.8603548423
2021-06-23,183865.43724602347,180170.52417251962
2021-06-24,183326.13025486027,179779.7207303386
2021-06-25,182769.86560864604,179375.49217934726
2021-06-28,185843.1725100224,181625.8944847567
2021-06-29,188730.8507774485,183714.66859634168
2021-06-30,189896.62542303657,184563.63285551962
2021-07-01,190473.58592525206,184981.3708174174
2021-07-02,195522.12357300613,188606.33987591366
2021-07-06,199402.50087263258,191382.34467523202
2021-07-07,204196.0410575768,194818.70886913905
2021-07-08,202416.37576444048,193026.36200310636
2021-07-09,205869.59429619755,195546.34133644748
2021-07-12,205012.42479096842,194724.29052146224
2021-07-13,207109.05906229364,196260.54869494564
2021-07-14,213838.20262641643,200990.50747859708
2021-07-15,212543.86500236896,200087.65310446164
2021-07-16,208535.74090235648,197271.2465255682
2021-07-19,200924.8834181402,191961.8372840984
2021-07-20,208006.33308460776,196947.800458203
2021-07-21,206557.51325829313,195937.10262758046
2021-07-22,208293.48916944547,197823.7203126217
2021-07-23,211604.0892974966,200195.4333343766
2021-07-26,212086.09598181065,200774.94701876704
2021-07-27,209210.36225784983,197783.33960857065
2021-07-28,205674.3894982504,195371.11942962048
2021-07-29,206452.98658881953,196260.54869494564
2021-07-30,206736.78464919524,196557.018091546
2021-08-02,206298.24535169668,196098.83619902504
2021-08-03,208671.96012275157,198578.35052621897
2021-08-04,207818.6068572215,198025.89781468947
2021-08-05,208027.79987073623,198174.12197522764
2021-08-06,207052.79450573502,197229.3694593106
2021-08-09,206988.38595539465,197161.94885792263
2021-08-10,205974.05547336602,196500.66214027637
2021-08-11,206365.75146452957,196851.50638888706
2021-08-12,212120.77194830426,200940.79031739847
2021-08-13,212525.66889390853,201224.1718135731
2021-08-16,216432.82023114891,203950.3540740727
2021-08-17,214864.58408716792,202695.26446674028
2021-08-18,209837.06972620432,197526.30251743976
2021-08-19,210415.2367035755,197985.17990225385
2021-08-20,213306.90733709274,199996.03780148143
2021-08-23,216278.11289616005,202047.4450089524
2021-08-24,216101.28971122074,201925.96568841464
2021-08-25,213637.77839964174,200225.46595612649
2021-08-26,212238.61267206832,199118.83234009662
2021-08-27,214004.9549756384,200549.39676054448
2021-08-30,219885.94022091507,206649.51751275946
2021-08-31,218200.18531357733,204908.55277432408
2021-09-01,219297.6945419021,205826.30754395228
2021-09-02,221226.3787448238,207364.82079850743
2021-09-03,222030.76248644985,208242.13163751242
2021-09-07,226550.68606731074,211467.5930624012
2021-09-08,223469.33195845754,209335.19261606375
2021-09-09,221452.51219919926,207931.64701742877
2021-09-10,211516.99353652407,201048.78130255383
2021-09-13,212613.32644082335,201831.5262652138
2021-09-14,210241.2598652644,199901.55622723253
2021-09-15,211728.27038479844,201129.69023932418
2021-09-16,211337.09861297454,200805.84373700235
2021-09-17,206890.63318456436,197121.42062520332
2021-09-20,202829.84356514478,192910.72060272627
2021-09-21,203605.0191445934,193572.0073203725
2021-09-22,206687.57945336628,196837.99697798057
2021-09-23,208450.6072971307,198160.61256432114
2021-09-24,208617.60833690868,198282.04973381083
2021-09-27,205672.91121070753,196190.1775201927
2021-09-28,199031.33803375214,191520.66333947366
2021-09-29,200778.68831202306,192762.26461142368
2021-09-30,198240.8558569171,190967.24115383855
2021-10-01,200419.30572024794,192519.30597034818
2021-10-04,193726.58319684112,187782.24473509696
2021-10-05,197449.5674505826,190440.9431676365
2021-10-06,199139.84430099605,191642.03728239122
2021-10-07,201594.97846744745,193383.06524739868
2021-10-08,200852.0980629368,192856.6829591005
2021-10-11,200680.6334033777,192735.22471408677
2021-10-12,198210.35290471898,190980.771640269
2021-10-13,197071.29006464948,190171.07108236826
2021-10-14,202477.4996593616,194017.31206770803
2021-10-15,204542.71315830707,195474.9585365409
2021-10-18,207822.18720146906,197782.74949389763
2021-10-19,212078.57617968242,200765.315504283
2021-10-20,213046.80898224688,201440.15378388375
2021-10-21,213473.29817502346,201737.06576648887
2021-10-22,211940.94193823016,200670.81285451006
2021-10-25,211844.16868382465,200603.37117759808
2021-10-26,213155.00692591173,201521.1470227503
2021-10-27,212242.75516381202,200886.77374929673
2021-10-28,219446.9196034735,205907.27970729466
2021-10-29,214036.381196678,202168.882178442
2021-11-01,212408.24951325895,201035.2508161233
2021-11-02,214459.98945556374,202465.81523657116
2021-11-03,217310.197586212,204449.717540558
2021-11-04,216280.57772667817,203734.4564058581
2021-11-05,217328.42611777215,204464.21750109404
2021-11-08,215700.2697827571,203328.98439894867
2021-11-09,216416.88561850475,203829.04335772715
2021-11-10,210830.45234603542,199923.03218622413
2021-11-11,210732.0353594376,199855.44298064386
2021-11-12,214289.4281043848,202720.76585082253
2021-11-15,214255.26403716594,202734.27526172897
2021-11-16,215878.23151086897,204085.80646704556
2021-11-17,220067.55134478072,207451.2515225748
2021-11-18,225735.14448406754,213371.07116667033
2021-11-19,230726.29003129984,216993.23718046994
2021-11-22,231634.02385117122,217628.49562593296
2021-11-23,232393.07517780425,218155.61555757243
2021-11-24,233427.74083832983,218871.93046847405
2021-11-26,223458.3242492831,211938.37811829493
2021-11-29,230079.37469192478,216574.27683817814
2021-11-30,239931.77996957654,223413.15793439202
2021-12-01,238887.0773086436,222696.8008724423
2021-12-02,236906.2246419122,221331.7602562193
2021-12-03,233149.69330079624,218736.70990626552
2021-12-06,239919.05627092224,223440.218907253
2021-12-07,251107.39039095124,231360.35868855863
2021-12-08,258639.96140743498,236631.3894007606
2021-12-09,257856.84066329396,235928.64712733752
2021-12-10,266280.0441617051,242537.74178499775
2021-12-13,259777.50743399048,237523.4531065901
2021-12-14,257353.3694432353,235617.74099677315
2021-12-15,266980.5139494528,242335.05847035313
2021-12-16,252921.79426711536,232820.0705587468
2021-12-17,250742.3283517827,231306.2578183607
2021-12-20,247997.62782737962,229427.6699079768
2021-12-21,254422.1214472791,233806.67906539733
2021-12-22,259674.8309451797,237388.31684647765
2021-12-23,260912.18720227518,238253.34065497026
2021-12-27,268885.885268322,243727.117908389
2021-12-28,267384.23621425405,242321.5069083986
2021-12-29,267506.38521971763,242443.1548331286
2021-12-30,265072.50877876667,240848.3067028279
2021-12-31,264130.2680002256,239996.81338076576
2022-01-03,270140.2943492674,245997.79486792005
2022-01-04,265529.25886527996,242875.68781289892
2022-01-05,257267.99305578458,236415.19667520947
2022-01-06,252257.15632522583,232468.65727098714
2022-01-07,252555.889496933,232698.40155849268
2022-01-10,252497.18060151624,232725.39930478152
2022-01-11,256353.60905999524,236631.38940076053
2022-01-12,257139.82806734103,237239.67117545876
2022-01-13,252602.70829146702,232725.39930478155
2022-01-14,254227.09437635652,233914.7543526488
2022-01-18,247788.8169167063,229495.21696250892
2022-01-19,240723.26950542297,224670.14433888753
2022-01-20,237345.74522854362,222345.45081125473
2022-01-21,233231.38284853694,219507.20998946103
2022-01-24,231690.3503286238,218439.39748870363
2022-01-25,228107.83614435847,215952.54887914553
2022-01-26,227933.396155697,215830.9641809876
2022-01-27,227022.0847622112,215195.64250895244
2022-01-28,248535.3511956379,230211.48972236246
2022-01-31,257350.25186080512,236226.00169594726
2022-02-01,257010.53254895328,235996.21525739363
2022-02-02,259465.43381633813,237658.61044222652
2022-02-03,253576.29952505193,233685.0522161913
2022-02-04,252998.2897787583,233292.58380761152
2022-02-07,251546.9242668443,232304.73184504293
2022-02-08,257803.79844741378,236594.59153579545
2022-02-09,260686.08939569144,238556.87035212235
2022-02-10,252420.66045201477,232927.15529636864
2022-02-11,247688.9453940587,228217.76622417537
2022-02-14,248074.47716919152,228542.5611250788
2022-02-15,255802.0556593563,233833.86649140247
2022-02-16,255322.15283602438,233509.15589259518
2022-02-17,248051.78753374852,228542.56112507876
2022-02-18,244936.450457408,226404.38598515574
2022-02-22,239124.1953959224,222371.60553658218
2022-02-23,230896.4561520799,216620.1582540023
2022-02-24,236082.49754982337,220233.40932113514
2022-02-25,240229.9951642504,223088.80561949333
2022-02-28,240763.73898847375,223454.2130552122
2022-03-01,236976.80415263172,220855.89599903295
2022-03-02,243601.87120851874,225402.98246063263
2022-03-03,242946.27835754797,224956.3710308069
2022-03-04,236872.81386926433,220815.3045397415
2022-03-07,229244.16825086062,215578.10004361568
2022-03-08,225609.146897134,213061.0502081154
2022-03-09,236330.3249733251,220517.61276274713
2022-03-10,227605.69502495593,214522.5745733707
2022-03-11,220219.83358350923,209393.57181764056
2022-03-14,212286.54622949957,203831.5724206113
2022-03-15,220780.3278922133,209880.7747067577
2022-03-16,229313.562124136,215970.54737667143
2022-03-17,231285.20697119078,217364.3982342503
2022-03-18,237742.0248422386,221911.46362032596
2022-03-21,240479.52490461897,223806.09000450053
2022-03-22,247269.87844571486,228461.35713097188
2022-03-23,250034.83490456626,230342.4108776679
2022-03-24,257733.9195740374,235566.12703841133
2022-03-25,259041.001358507,236445.7561850602
2022-03-28,260812.0172872414,237636.64974618203
2022-03-29,267570.08538930694,242183.67298120965
2022-03-30,265210.7865024898,240573.27111417113
2022-03-31,258916.54522594172,236296.899758801
2022-04-01,258316.3053154698,235890.8797882667
2022-04-04,266347.13834421814,241479.94015815688
2022-04-05,259575.50017402892,236905.87702579238
2022-04-06,255127.633112725,232534.7501143609
2022-04-07,255651.08159444292,232954.30057132567
2022-04-08,251625.2729793399,230180.06611602628
2022-04-11,245699.71077968716,224306.80230452408
2022-04-12,249358.4262532516,226891.5467232248
2022-04-13,254818.92988827024,230599.51119537093
2022-04-14,244604.39726019622,223684.29455110227
2022-04-18,244164.36034205774,223386.58169858385
2022-04-19,248814.98306283058,226539.71192498453
2022-04-20,248471.59417338367,226309.6304290944
2022-04-21,246851.89739973817,225213.5767261301
2022-04-22,237573.75433294367,218947.78127947598
2022-04-25,239738.02645143465,220422.85720668573
2022-04-26,227581.84709810273,212194.86724580085
2022-04-27,227128.50020168634,211883.66605790003
2022-04-28,241011.1554961259,221451.38493064189
2022-04-29,229027.49562411348,213345.16934763125
2022-05-02,229638.2751812566,213764.677653548
2022-05-03,232637.58766254963,215821.64879936416
2022-05-04,245588.50711992913,224672.18866471894
2022-05-05,227497.0462067861,212154.31793755753
2022-05-06,228951.07729250853,213157.2178242871
2022-05-09,218744.05024522013,206082.69129383788
2022-05-10,223483.10280395078,209403.11903002838
2022-05-11,207916.14147428324,198547.36950588736
2022-05-12,200403.2177014357,193207.59043428316
2022-05-13,209075.94266729345,199374.03586063627
2022-05-16,206052.1303214659,197246.33525615864
2022-05-17,210745.68602441723,202260.85576533063
2022-05-18,194775.81895758174,190849.45005000682
2022-05-19,189100.2735553767,186146.63654131247
2022-05-20,189485.80120195853,186471.9161792687
2022-05-23,199713.56616588694,193953.01064387718
2022-05-24,196151.11345409244,190225.99389800342
2022-05-25,196370.46775147782,190442.83996479955
2022-05-26,201698.92945302287,194861.07067244928
2022-05-27,212470.25745799998,202802.85501693882
2022-05-31,211133.39739627004,201718.70898505428
2022-06-01,210917.15601812018,201542.51760412168
2022-06-02,215069.29582356333,204930.74530113276
2022-06-03,205373.05668141117,197029.44703831445
2022-06-06,206595.88656719806,198059.45004895303
2022-06-07,209863.5793060744,201542.51760412165
2022-06-08,208593.30085867437,200526.0450799135
2022-06-09,199926.27249679872,193316.00292991922
2022-06-10,190978.54926177955,185848.5232538374
2022-06-13,181266.38919336893,178733.34203752465
2022-06-14,182889.65426675073,179925.90056504522
2022-06-15,187877.55137876415,183544.48373975887
2022-06-16,177860.69640284494,176266.65216670602
2022-06-17,180581.19797631097,178299.58667736026
2022-06-21,188603.86715141666,184140.81569232926
2022-06-22,187629.79466235673,183436.07124412284
2022-06-23,191247.72113433527,187393.50669427126
2022-06-24,197363.85990340522,191987.86555628147
2022-06-27,197299.4872149589,191987.86555628147
2022-06-28,191950.98494108525,186268.62167442706
2022-06-29,194788.0014585791,188694.51986847594
2022-06-30,190764.91421299055,185292.86706265455
2022-07-01,194306.64669686108,188287.97300984076
2022-07-05,198545.11154643062,191852.3288612124
2022-07-06,200737.6119137308,193695.46774016944
2022-07-07,206353.85000877816,198344.0328499977
2022-07-08,207607.61521907413,199279.19600247877
2022-07-11,203951.69566243925,196338.27522758656
2022-07-12,205794.06922265474,197679.9641631788
2022-07-13,205099.7103695896,197178.49314429
2022-07-14,210702.41405794054,201217.23796616544
2022-07-15,213962.21877540977,203521.2353291959
2022-07-18,208122.69484250873,199319.91391491442
2022-07-19,214672.48485733088,204646.05712246796
2022-07-20,218453.29915224377,207410.82866747564
2022-07-21,222277.32167932196,210541.5556118271
2022-07-22,220162.806921777,208833.869125843
2022-07-25,218233.05709115582,207288.86460988506
2022-07-26,215957.09223919787,205459.2562173585
2022-07-27,222638.0968679382,212493.14913746822
2022-07-28,223612.8134293417,213252.05768244463
2022-07-29,232221.4683225644,220245.2537656428
2022-08-01,230535.25932347076,218889.97111704797
2022-08-02,228025.3864932474,216857.13144625188
2022-08-03,235914.14870643982,225151.38285470282
2022-08-04,235345.17116309077,224717.71179663457
2022-08-05,234969.03962590647,224405.54113462812
2022-08-08,234183.70521206388,223754.11776223025
2022-08-09,234264.05108332844,223821.93879857488
2022-08-10,241300.10222403586,229684.87560329994
2022-08-11,240056.94643357646,228667.01209450548
2022-08-12,245954.2524641369,233566.37594035023
2022-08-15,247739.05340098872,235045.58267027087
2022-08-16,247484.01846838472,234828.44154613826
2022-08-17,249462.4208914758,236891.33491420824
2022-08-18,248613.9012135008,236348.4926416387
2022-08-19,243561.91647533537,232779.22619316692
2022-08-22,236019.82499227792,227418.43482409985
2022-08-23,235501.96581004738,226956.98622535347
2022-08-24,235989.05584548268,227364.1231986616
2022-08-25,240688.0949810546,230756.9875109604
2022-08-26,228416.70812103208,222057.62237950866
2022-08-29,224242.6877041247,219017.60449060387
2022-08-30,219671.1969070293,215665.4580907407
2022-08-31,216504.9923796607,213371.8931121076
2022-09-01,217885.1843982173,214376.1418323754
2022-09-02,213868.7150497697,211458.21445420536
2022-09-06,211501.23228753995,209721.12761219242
2022-09-07,214120.45036220894,211661.84616743153
2022-09-08,211362.3632419362,209626.16130089073
2022-09-09,214913.36608191687,213575.4194477136
2022-09-12,226063.1408852511,221799.76334294042
2022-09-13,208148.45486243005,208784.69992826926
2022-09-14,210848.73102771057,210779.70903342252
2022-09-15,205443.65973884848,206789.690823116
2022-09-16,203321.6461091377,204523.25004391593
2022-09-19,210146.5689929941,209653.2433492757
2022-09-20,214608.5564773763,212937.56871279425
2022-09-21,208721.30325027538,208621.7861274787
2022-09-22,206913.96375863653,207291.8151832499
2022-09-23,202678.26450861347,204156.78883199533
2022-09-26,203298.02152756168,204618.21635521768
2022-09-27,205108.2440957165,205961.759936925
2022-09-28,201583.52301969167,203356.04537180948
2022-09-29,188247.41751648867,193367.38505751654
2022-09-30,180570.8079276853,187558.78095375374
2022-10-03,188110.14400957857,193326.62499403284
2022-10-04,194657.12062108587,198280.27938979177
2022-10-05,194951.03114279275,198687.41636309997
2022-10-06,193407.31014246854,197371.0180563497
2022-10-07,185253.6515020729,190123.75653090962
2022-10-10,185755.29058868706,190571.63249217745
2022-10-11,183481.11200724845,188617.32022393576
2022-10-12,182345.36403016458,187748.77680292932
2022-10-13,190569.23407253966,194059.56849339814
2022-10-14,182297.40746712848,187803.0884283675
2022-10-17,188477.52286338588,193272.3765951668
2022-10-18,190816.06441552372,195091.00463967116
2022-10-19,190962.58718568445,195240.3247274591
2022-10-20,190354.8152446846,194602.3686149196
2022-10-21,197070.7896711416,199868.19367268495
2022-10-24,199661.45166556232,202826.79681224254
2022-10-25,203174.89299867014,206748.93075963232
2022-10-26,197842.59237785405,202691.04936193308
2022-10-27,192292.77371092976,196516.02619729773
2022-10-28,211656.93862386074,211363.24814290367
2022-10-31,207368.00683685034,208106.04697881817
2022-11-01,202444.6141013956,204455.34470547515
2022-11-02,192293.16408784906,196828.15470825607
2022-11-03,184806.08417990885,188481.65707572238
2022-11-04,184256.47098851905,188114.62682465283
2022-11-07,185231.28751332787,188848.68732679193
2022-11-08,186279.79440798514,189637.16483198942
2022-11-09,177942.88983180665,183343.08603208035
2022-11-10,196419.47959843118,199655.96314565244
2022-11-11,201522.60856125716,203503.11037852571
2022-11-14,198997.8945504553,201572.73990558778
2022-11-15,202198.45531318645,203965.25446956523
2022-11-16,199910.4335153217,202265.99819319515
2022-11-17,203431.91957764942,204889.66910478848
2022-11-18,204475.28763109725,205664.53182145933
2022-11-21,198460.56296002885,201205.66750347015
2022-11-22,202368.71784351242,204155.58752712532
2022-11-23,203389.8532577283,205365.4912109267
2022-11-25,198027.26183713326,201341.64678454396
2022-11-28,193227.9580707682,196053.5027468255
2022-11-29,187708.12513888735,191907.33597894365
2022-11-30,195944.89787912706,201232.8760049993
2022-12-01,196377.46359181503,201613.49996907142
2022-12-02,195488.8670953682,200933.7932434186
2022-12-05,193417.02818751923,199329.69295806653
2022-12-06,186847.18974628596,194272.72634348803
2022-12-07,183424.2383098084,191594.68057988439
2022-12-08,186344.52935315866,193919.22657884893
2022-12-09,185480.1530691008,193253.1346417227
2022-12-12,188182.27920274026,196420.5751489431
2022-12-13,189796.68894048163,197752.75902319557
2022-12-14,185879.74103414055,194680.51665804125
2022-12-15,177892.27019990154,185558.96662912038
2022-12-16,174326.20620585157,182853.6912884635
2022-12-19,170558.36766046262,179944.59455486416
2022-12-20,170435.78683739426,179849.37533727402
2022-12-21,175946.47457251156,184131.52138622972
2022-12-22,170265.68518270686,179754.24042178004
2022-12-23,169618.96749326584,179251.29411620874
2022-12-27,166423.61847222547,176763.59194792723
2022-12-28,159498.00380929897,171339.52131794504
2022-12-29,165630.75547083997,176192.6033130089
2022-12-30,166184.95245513227,176627.5915913293
2023-01-03,160469.03763769564,170020.89954340906
2023-01-04,162648.53698619443,171774.54120955145
2023-01-05,160326.02533110438,169952.94151615817
2023-01-06,168167.08329386258,176206.1654127254
2023-01-09,169075.5397862586,176926.684890672
2023-01-10,170068.65111136678,177715.14132034546
2023-01-11,173280.41041616767,181467.0904111526
2023-01-12,173080.68896986396,181358.34070713198
2023-01-13,175125.59462176298,183193.5130380038
2023-01-17,176483.1415007621,184797.61332335585
2023-01-18,175146.99398223273,183805.2722741678
2023-01-19,175251.03001030473,183886.85562770726
2023-01-20,179824.0403092704,187421.28423494915
2023-01-23,185563.24047467802,191825.79477645206
2023-01-24,188093.83756861216,193756.14417386596
2023-01-25,187222.18968566047,192845.32325164528
2023-01-26,189744.27525888002,195700.08728428243
2023-01-27,193084.9548729885,198378.090896838
2023-01-30,189495.33022403356,194395.06976051108
2023-01-31,191465.25984696852,196148.6587378434
2023-02-01,193431.52011675565,197698.40524670915
2023-02-02,199892.88679975818,205025.606234814
2023-02-03,205616.34699201596,210028.19799738223
2023-02-06,201342.88536414166,206262.69734462057
2023-02-07,205806.15725325866,210232.12476794492
2023-02-08,201618.471194917,206520.9568161455
2023-02-09,199996.54027430635,205093.57479982695
2023-02-10,200568.55690480227,205597.32197531156
2023-02-13,205013.65066454018,209463.98514344124
2023-02-14,204181.28925661324,208578.98173816345
2023-02-15,207491.53139592396,211478.9316943316
2023-02-16,204921.2716363559,209273.31487749657
2023-02-17,203096.2043058457,207694.04155945775
2023-02-21,195952.66065235037,202152.75940255492
2023-02-22,196701.5282618633,202738.23746024727
2023-02-23,197427.62652253048,203405.31994700312
2023-02-24,193229.85989250912,199743.00505991685
2023-02-27,194638.2987362377,201390.3312450647
2023-02-28,193819.56625936957,200696.01918125563
2023-03-01,190564.91288483344,197836.89251514323
2023-03-02,191240.12640574705,198653.77982673992
2023-03-03,197346.81473968385,205624.57262788885
2023-03-06,201537.32920104472,209436.69233981593
2023-03-07,198194.44431244608,206400.6366494297
2023-03-08,200090.3077604385,208129.67264126128
2023-03-09,196654.65010086243,205025.4797816699
2023-03-10,193536.57702820547,202180.03113065625
2023-03-13,196470.37098785298,204862.14447039863
2023-03-14,199664.86308055,207748.45856251617
2023-03-15,200270.07567873402,208293.07117910462
2023-03-16,203637.39532843255,212186.87962219137
2023-03-17,202292.41478423716,211029.64367295345
2023-03-20,205100.28945061177,214297.1929193401
2023-03-21,207904.97931475792,216856.75208681897
2023-03-22,205308.17186480406,214882.6920525565
2023-03-23,207221.5797154176,216380.2555639116
2023-03-24,209544.5587126907,218177.40764942428
2023-03-27,206055.8319888179,215495.27323415785
2023-03-28,204946.80982981517,214637.54155698136
2023-03-29,210441.65543809553,218885.3977283321
2023-03-30,213245.18051394407,221050.17017958732
2023-03-31,217730.17204603952,224508.3475408706
2023-04-03,219973.76844849563,226237.38353270214
2023-04-04,219021.5522746414,225502.20602778916
2023-04-05,215766.81477393463,222956.26164883692
2023-04-06,217334.04048711044,224181.5715407079
2023-04-10,212640.27147524277,220600.86108268515
2023-04-11,210459.04822248349,218926.24209391198
2023-04-12,209234.4567819213,217973.2068970492
2023-04-13,215657.07339278425,225406.92358362698
2023-04-14,214972.038888173,224930.38490967156
2023-04-17,214969.29923571355,224957.59341120074
2023-04-18,216830.16211865924,226645.84826402456
2023-04-19,218584.06999850893,228225.20588415954
2023-04-20,217099.5199963026,226890.8723064555
2023-04-21,214592.14538134084,224671.6828521419
2023-04-24,214912.76257542233,225093.7623719909
2023-04-25,212490.3754247463,222969.85536183955
2023-04-26,212433.99370193467,222956.26164883698
2023-04-27,220396.3795590439,229287.09616266307
2023-04-28,222633.17134635962,231016.17430554272
2023-05-01,222462.45280051752,230893.68335985127
2023-05-02,220842.74525609106,229464.08841350905
2023-05-03,219496.5432753237,227980.1186151565
2023-05-04,216900.07036319704,225720.00049316697
2023-05-05,228624.42667511865,236312.36919344254
2023-05-08,228470.30936835366,236217.04459823223
2023-05-09,225774.53830389373,233861.6861831285
2023-05-10,228502.23032369177,236298.77548044
2023-05-11,228786.55682270852,236557.41431139756
2023-05-12,227615.36492920242,235275.89599692525
2023-05-15,227015.245562997,234594.22924753715
2023-05-16,227015.245562997,234594.22924753715
2023-05-17,227913.8896850348,235439.4842144849
2023-05-18,231499.66749084956,238657.02124233652
2023-05-19,231587.35874783644,238806.99467136958
2023-05-22,229788.38835074625,237498.12032669983
2023-05-23,225061.25511708125,233898.8844830503
2023-05-24,225442.58546380379,234280.60437437223
2023-05-25,227194.12855000168,235848.47583390813
2023-05-26,230912.36215123898,239175.0997741649
2023-05-30,233766.54767928203,241724.584841155
2023-05-31,233645.3214844256,241656.38444537774
2023-06-01,237920.9207027609,245528.33757004017
2023-06-02,239240.84001936068,246700.85327420346
2023-06-05,236771.98538574655,244833.05603212546
2023-06-06,236109.3314589157,244328.59228882365
2023-06-07,233672.6841062356,242433.52331864435
2023-06-08,238485.51586661904,246182.79581789905
2023-06-09,239061.37734073674,246714.46806273007
2023-06-12,243457.52478070295,250572.8063988659
2023-06-13,242712.83034830855,249918.36922653104
2023-06-14,243825.12835287635,250790.95914815224
2023-06-15,247532.59851254697,253599.48348105658
2023-06-16,245563.86396129004,252113.46935687264
2023-06-20,245725.67259479046,252236.1078312323
2023-06-21,243835.93851330728,250804.5528611548
2023-06-22,249304.4621814296,254949.2443423542
2023-06-23,248725.6461156713,254512.9388437816
2023-06-26,246179.9975848242,252590.61922102503
2023-06-27,251203.65142003677,256394.37194991022
2023-06-28,253287.38209375818,258016.82901669678
2023-06-29,253890.806836762,258480.3430167986
2023-06-30,261806.75286343807,264451.881996876
2023-07-03,259054.2404946907,262393.1826580889
2023-07-05,256988.19216028298,260852.60400217836
2023-07-06,257862.58396851653,261506.99902346518
2023-07-07,255799.5045514911,259966.37821650656
2023-07-10,252031.85095474398,257144.19694402756
2023-07-11,251072.5854416038,256421.64367801158
2023-07-12,254088.27889401477,258725.72534313813
2023-07-13,255474.0454421832,259775.53934636962
2023-07-14,255736.9489109087,259980.03515608126
2023-07-17,261574.55371753886,264479.09049840516
2023-07-18,261099.18966486753,264124.6423351845
2023-07-19,263590.84212113963,265992.4395772625
2023-07-20,260010.29492951778,263306.7012473861
2023-07-21,257891.1885824494,261684.22310507554
2023-07-24,259337.73997310887,262788.58056450967
2023-07-25,260907.5737955378,263974.7110571996
2023-07-26,262487.02984816604,265174.4563384161
2023-07-27,260203.33988941973,263429.3397217458
2023-07-28,264911.33358005545,266987.7311998155
2023-07-31,266031.74122452736,267833.0072422874
2023-08-01,264517.35863237554,266687.8054172735
2023-08-02,259641.69348647803,262556.79195117275
2023-08-03,257855.2227547693,260634.45125289218
2023-08-04,240958.05686673208,248118.75130470635
2023-08-07,235311.32440825566,243837.78548509663
2023-08-08,237009.06693994155,245132.98181466764
2023-08-09,234127.29147127003,242937.98706194625
2023-08-10,233734.85067125416,242638.0402038801
2023-08-11,233837.4482034276,242719.93969028015
2023-08-14,236817.4074879602,244999.86880486264
2023-08-15,233214.84644467782,242255.7723489333
2023-08-16,231644.0099192194,241054.42532789012
2023-08-17,227066.7685929988,237545.8142375911
2023-08-18,227935.0604610293,238214.79352151015
2023-08-21,230328.2574147961,240057.78487179894
2023-08-22,232797.19429195076,241955.40398038647
2023-08-23,239719.6666862946,247266.0777532983
2023-08-24,231218.40670391114,240795.0067025433
2023-08-25,235187.03464396094,243839.40830044737
2023-08-28,238011.40720085904,245996.42495885768
2023-08-29,245061.41588083986,251361.7054145442
2023-08-30,251442.99662358072,256180.8768914358
2023-08-31,251843.37831911666,256481.2031089346
2023-09-01,254738.5193523223,258651.89778244364
2023-09-05,255176.6599147759,258979.51680356773
2023-09-06,242771.8058715705,249709.84799172886
2023-09-07,233126.66079367665,242405.97760873075
2023-09-08,234231.8429770354,243252.37065397642
2023-09-11,236338.6183119471,244863.29940911583
2023-09-12,230872.80221785896,240685.83548804198
2023-09-13,227160.78290450986,237832.50459103924
2023-09-14,229868.32604281825,239921.2576271002
2023-09-15,228571.41136960106,238924.65932205706
2023-09-18,233817.762720264,242965.70137605237
2023-09-19,235779.30532085086,244467.37461459433
2023-09-20,229378.06509811047,239579.98166640147
2023-09-21,226608.54310295242,237450.21566056838
2023-09-22,228130.42811476692,238624.2909535103
2023-09-25,230417.37377293312,240385.4460439712
2023-09-26,223094.49583941553,234760.81018950994
2023-09-27,220398.37406877073,232672.03607792495
2023-09-28,220855.02301938456,233026.96897819842
2023-09-29,221768.97200878125,233736.91908084147
2023-10-02,226237.92820188717,237204.51720136838
2023-10-03,223850.19792630008,235361.46262450746
2023-10-04,226072.47148398292,237081.62582072025
2023-10-05,228282.88780747692,238788.17422840642
2023-10-06,232856.75907860094,242310.40010723207
2023-10-09,235529.86226493193,244358.22447561708
2023-10-10,234457.39382140513,243539.08208294868
2023-10-11,236974.55653028225,245463.99399516155
2023-10-12,238603.72761313446,246706.35398597686
2023-10-13,235267.85993260474,244167.06947261968
2023-10-16,235035.53957106004,243989.57140919688
2023-10-17,232231.12917229795,241846.1906148372
2023-10-18,229898.46354087917,240057.78487179903
2023-10-19,229223.75915376702,239539.0319232015
2023-10-20,224645.59998066057,236016.80604437584
2023-10-23,224857.17643922818,236180.60501717587
2023-10-24,225631.90863021035,236781.27852769743
2023-10-25,221536.1250481742,233586.734896568
2023-10-26,214155.5163404247,227839.16551041056
2023-10-27,216466.59347508455,229654.88513259808
2023-10-30,220059.60366945327,232480.90215045147
2023-10-31,220900.43267874696,233136.20341927177
2023-11-01,226522.45325878274,237504.90664543922
2023-11-02,232888.0556272104,242419.59239725742
2023-11-03,231250.22317818165,241163.61761791553
2023-11-06,235837.4311560732,244685.8224212171
2023-11-07,240466.3042151652,248221.72631514145
2023-11-08,242388.4310583145,249682.47088600745
2023-11-09,241524.39892279523,249027.2117682352
2023-11-10,249123.3450450538,254809.64007114654
2023-11-13,246219.52914794255,252622.46433784213
2023-11-14,250987.7992525568,256231.3106204516
2023-11-15,252021.0544662565,257010.51489507366
2023-11-16,255101.97710836952,259334.42862831717
2023-11-17,255065.29708994404,259307.09367364377
2023-11-20,258272.0347968,261712.97011985944
2023-11-21,256790.20844352798,260605.76746468063
2023-11-22,258014.17071188075,261521.62543714565
2023-11-24,255562.878498426,259689.82519011942
2023-11-27,255234.69642242944,259443.74737148674
2023-11-28,256334.86246064547,260277.62155545564
2023-11-29,254459.55721883272,258869.60794572526
2023-11-30,255510.92016551783,259662.51131097006
2023-12-01,257827.73558338216,261425.94255802673
2023-12-04,254600.36317975677,258951.65496079347
2023-12-05,261744.39275140216,264406.0005810519
2023-12-06,259742.09362039584,262902.3462432507
2023-12-07,263227.1962381123,265567.99959872174
2023-12-08,265835.3270873152,267536.4535435909
2023-12-11,261259.94245723198,264077.875747351
2023-12-12,264063.4712271586,266169.43182810856
2023-12-13,270034.225750627,270612.21552125906
2023-12-14,270124.3147480334,270817.2382190716
2023-12-15,269032.48583943926,270079.0469142216
2023-12-18,265941.084944278,267782.4681356515
2023-12-19,267868.2741451116,269217.8588511034
2023-12-20,263971.72602519987,266333.4837071971
2023-12-21,263692.3062150246,266128.4188583366
2023-12-22,261612.23223393553,264652.0783996847
2023-12-26,260604.28509647623,263900.209079736
2023-12-27,260785.8793868231,264036.88385310303
2023-12-28,261573.03139207346,264624.72236948734
2023-12-29,259646.45985458884,263189.37380508357
2024-01-02,247117.42387332369,253770.70103831723
2024-01-03,244616.95261054198,251870.55286684548
2024-01-04,240401.95797024787,248671.75197986097
2024-01-05,239094.66055867317,247673.84699232766
2024-01-08,246942.68583024087,253661.31906857557
2024-01-09,246184.21379780347,253087.17964281407
2024-01-10,248080.38198374474,254522.5492827419
2024-01-11,246994.49664283844,253702.35311387174
2024-01-12,247590.959830846,254153.43255479287
2024-01-16,243449.00244999182,251023.02174330197
2024-01-17,241738.41626320567,249724.3690277892
2024-01-18,252431.67289222023,257858.0670941415
2024-01-19,257757.09130705745,261863.3650593734
2024-01-22,262014.60745337483,265048.46685573517
2024-01-23,264380.68676521047,266811.91917831585
2024-01-24,263129.80046793545,265882.34103970404
2024-01-25,262523.8095253915,265431.2615987829
2024-01-26,259318.75757622145,263038.97886556986
2024-01-29,258057.50423972943,262095.74378738334
2024-01-30,251315.54863714322,257051.527864846
2024-01-31,244723.082805922,252075.59664018208
2024-02-01,249145.3678795566,255438.47048177905
2024-02-02,247319.3694681662,254057.79182672207
2024-02-05,250624.3789418213,256559.39330310468
2024-02-06,253561.98720558916,258773.94614213053
2024-02-07,253762.06686886065,258924.32000612028
2024-02-08,251778.53750802556,257434.2593813216
2024-02-09,253178.41720881607,258488.204187264
2024-02-12,250082.84998650604,256161.3398806556
2024-02-13,246253.36915868582,253273.27652004315
2024-02-14,244644.54181353882,252055.090155296
2024-02-15,244121.2384615479,251658.15373562076
2024-02-16,241325.76683467865,249536.5861086373
2024-02-20,239977.29253410158,248510.01840841642
2024-02-21,241341.78918038565,249550.2851992601
2024-02-22,245027.8113738105,252356.21724270814
2024-02-23,241688.17662615122,249824.05625647478
2024-02-26,239241.93562784579,247962.51844503518
2024-02-27,241878.8903860448,249974.59872465683
2024-02-28,239702.07920693306,248318.39974389024
2024-02-29,238499.6049614236,247401.31939103117
2024-03-01,236546.00516368676,245909.40412011743
2024-03-04,228390.87970393736,239667.9298281997
2024-03-05,219567.66304022647,232851.5573916552
2024-03-06,217814.54590005332,231482.807483202
2024-03-07,217604.56799767373,231318.52377334915
2024-03-08,220630.3510765799,233686.48535182583
2024-03-11,224175.95923274817,236451.36227445368
2024-03-12,225021.4294342955,237108.32850967275
2024-03-13,221318.3777400922,234234.00639073114
2024-03-14,224602.2692768175,236793.54448268597
2024-03-15,223932.18185068868,236273.4427005502
2024-03-18,225870.23192976142,237779.01491103863
2024-03-19,230037.7724371682,241009.30263093143
2024-03-20,234633.16670461738,244554.33222676293
2024-03-21,221611.485139364,234562.4473572926
2024-03-22,223209.98225920583,235808.03190328524
2024-03-25,220693.63141171745,233850.7269106306
2024-03-26,218693.90899943947,232290.3794131752
2024-03-27,224993.1436613936,237217.85800808264
2024-03-28,221769.98766106245,234713.03197652267
2024-04-01,219224.7707894914,232728.32880262253
2024-04-02,217140.54345679193,231099.52800310147
2024-04-03,218554.7331165044,232208.2270204868
2024-04-04,217104.84813059343,231072.1930484281
2024-04-05,218431.8472577646,232112.43876374772
2024-04-08,216482.57840364342,230565.72713034297
2024-04-09,218608.2728698757,232235.6041262083
2024-04-10,215305.70090101458,229648.66785300797
2024-04-11,227949.82398712554,239585.73528446327
2024-04-12,230619.9486770767,241652.56977552787
2024-04-15,223770.9938010187,236369.20988176536
2024-04-16,217947.19486643383,231838.66770653313
2024-04-17,215536.002817618,229949.7949404201
2024-04-18,213866.43487652525,228635.75709236177
2024-04-19,210322.9656248734,225843.54521506053
2024-04-22,211769.88528684102,226993.278277742
2024-04-23,213606.79116013,228444.1595033596
2024-04-24,217290.61818627053,231345.90087907074
2024-04-25,218807.17152633466,232536.73121362046
2024-04-26,217775.70435345074,231729.15928364726
2024-04-29,225113.6581814984,237477.9299746747
2024-04-30,219526.75839633273,233138.94323739663
2024-05-01,217723.69026325617,231729.15928364728
2024-05-02,224237.54074708128,236834.62067903034
2024-05-03,242450.62304282738,251001.14534935384
2024-05-06,239451.47813533517,248715.3361635656
2024-05-07,240686.4516886241,249659.79362214613
2024-05-08,241293.79165984291,250125.14119283896
2024-05-09,243406.77996411276,252629.9672243989
2024-05-10,241397.14775333562,250889.27646777598
2024-05-13,246969.40787045026,255316.35889552042
2024-05-14,248276.8546110048,256892.5341115261
2024-05-15,252236.39963519757,260031.24867948683
2024-05-16,252444.41341408543,260195.70099353194
2024-05-17,252495.53017369617,260236.84041644828
2024-05-20,254563.94474408843,261840.41381369947
2024-05-21,256905.4299291314,263635.9220083374
2024-05-22,254291.37266542437,261648.52116736077
2024-05-23,247049.8951899281,256138.7258433662
2024-05-24,252582.58568255245,260387.57256434663
2024-05-28,252600.39435431184,260401.3348815415
2024-05-29,253138.38716203012,260812.4551288923
2024-05-30,254932.48972618923,262183.0807589846
2024-05-31,256653.2794568755,263498.84680001385
2024-06-03,259818.3082201124,265938.5073112576
2024-06-04,260288.52328396545,266377.11004195
2024-06-05,262943.9057912898,268460.467743858
2024-06-06,260460.68735760174,266555.2825221419
2024-06-07,264796.3996803201,269858.4704796717
2024-06-10,258003.02754554746,264691.2577988661
2024-06-11,283221.0190520423,283920.8609857382
2024-06-12,294161.9398672185,292034.8745126418
2024-06-13,296352.2463592252,293638.490060941
2024-06-14,293092.98797293275,291239.9478970896
2024-06-17,300877.4414717575,296969.0551241924
2024-06-18,296387.987758465,293707.0065895789
2024-06-20,287836.84896647575,287388.5223328372
2024-06-21,283769.76346811117,284386.92512424826
2024-06-24,284951.9955443088,285277.7664496837
2024-06-25,286656.6738884501,286552.4773698927
2024-06-26,294425.8155326091,292281.56352147146
2024-06-27,296019.08345978823,293446.59741460235
2024-06-28,289493.5454906467,288676.84804157284
2024-07-01,300809.79198512837,297078.7110757465
2024-07-02,307411.16004554875,301903.2146602189
2024-07-03,308928.1452473391,303657.60450746457
2024-07-05,317863.27564122295,310222.7566975118
2024-07-08,320674.71729397355,312251.31803692883
2024-07-09,322316.5333934288,313429.9877941103
2024-07-10,330547.511530981,319323.5894863063
2024-07-11,320123.10238066997,311908.6300161197
2024-07-12,325791.97546645807,315979.34640795627
2024-07-15,333183.89357487607,321269.8719798907
2024-07-16,333981.93948750186,321845.5499189067
2024-07-17,322632.75945631956,313704.1382107576
2024-07-18,313638.21661133965,307262.2989118391
2024-07-19,313884.96424020635,307440.471392031
2024-07-22,313326.7577289985,306960.7503139463
2024-07-23,315203.15979612415,308399.8924726764
2024-07-24,302907.3414895538,299532.04960208887
2024-07-25,300931.5514019662,298092.9495944068
2024-07-26,301814.6599831446,298737.12298653665
2024-07-29,302341.260788049,299120.908279214
2024-07-30,303389.76212092425,299888.43671352067
2024-07-31,309565.5909880189,304384.0356699029
2024-08-01,302522.5277120718,299285.40274430724
2024-08-02,305344.73191217356,301341.25688734953
2024-08-05,285399.98357241444,286826.5856354918
2024-08-06,281621.68488311983,284030.5169372922
2024-08-07,286387.58172540466,287580.4149791758
2024-08-08,292857.1491006891,292363.842367304
2024-08-09,298320.6271185555,296379.6991700775
2024-08-12,301204.55804895906,298492.87873849506
2024-08-13,308236.74099770735,303624.85314311413
2024-08-14,309087.3199670026,304242.3449218157
2024-08-15,314767.5973220295,308358.90057842835
2024-08-16,317297.5733446047,310183.93558223936
2024-08-19,316992.5721980407,309964.39184836677
2024-08-20,318174.00859642454,310815.1264515637
2024-08-21,317961.5928113433,310664.204623949
2024-08-22,314415.37295624416,308098.2174216395
2024-08-23,318794.5825003415,311267.97623650375
2024-08-26,319442.45364670473,311734.5040365425
2024-08-27,321064.2756459827,312900.8867632116
2024-08-28,318119.40948524023,310787.72827031807
2024-08-29,324413.8659139954,315315.9099868584
2024-08-30,322899.8959967197,314231.9114836421
2024-09-03,310972.0389604957,305683.1520469445
2024-09-04,307333.6402080273,303048.5218628529
2024-09-05,310190.53990107507,305148.00234064774
2024-09-06,307299.6081443298,303007.3824399366
2024-09-09,307465.53536658024,303130.88501078176
2024-09-10,305969.16807191103,302033.10311484657
2024-09-11,310715.6572558387,305532.2302193298
2024-09-12,310919.04182256764,305683.1520469445
2024-09-13,310408.70699266717,305312.64433440915
2024-09-16,298705.3402765589,296832.5068039695
2024-09-17,299577.1012529917,297477.43891496456
2024-09-18,306886.1602154935,302828.9992045043
2024-09-19,322335.16860266856,314053.50717268576
2024-09-20,321053.4800017783,313134.1506632309
2024-09-23,317805.2827465892,310760.24578697636
2024-09-24,319511.7078680304,311995.2293443794
2024-09-25,317607.7226795233,310623.0230499844
2024-09-26,319768.04811013455,312201.09506315325
2024-09-27,320267.6429224495,312571.5606246405
2024-09-30,330168.75818127225,319720.69451017363
2024-10-01,317126.02351724333,310403.52146715985
2024-10-02,317740.1409718351,311185.63416409877
2024-10-03,315525.3856445872,309662.5060420892
2024-10-04,317665.5209102049,311213.0955719164
2024-10-07,308146.047648774,304201.1633478511
2024-10-08,315638.4645997384,309799.728779081
2024-10-09,321699.32674958924,314972.8636821405
2024-10-10,320876.03904007695,314286.792148229
2024-10-11,318450.1489501491,312242.21341054543
2024-10-14,325393.06794237177,317387.97120788344
2024-10-15,329584.38015289005,320887.0561613187
2024-10-16,325650.3557302955,318046.6024095013
2024-10-17,326344.081320437,318554.29070798046
2024-10-18,331776.4312546433,322465.0649479154
2024-10-21,334607.049261249,324495.88136840414
2024-10-22,333434.41302261787,323645.14676520723
2024-10-23,323811.6118855869,316646.9557828128
2024-10-24,323446.8221788904,316386.27262602386
2024-10-25,325044.9869865327,317538.91411102214
2024-10-28,328836.6536028347,320269.5433070931
2024-10-29,329344.57781977934,320640.0299441044
2024-10-30,324651.4109166889,315741.34051502874
2024-10-31,316721.3563619008,309991.8321806601
2024-11-01,311028.43531861855,305875.2554485234
2024-11-04,309512.81315990037,304640.27189112036
2024-11-05,311275.0428928256,306616.22872254596
2024-11-06,309818.4740026714,305614.5301406864
2024-11-07,318657.7502170808,312146.15117199393
2024-11-08,318204.8595506072,311775.306251074
2024-11-11,312898.09469289205,308025.06427771365
2024-11-12,312897.750864121,308025.06427771365
2024-11-13,314584.10521501757,309247.65542698407
2024-11-14,320466.2380855508,313506.1547379725
2024-11-15,314331.50575535046,309082.8237535063
2024-11-18,320058.1931753065,313231.39313112816
2024-11-19,320552.91338987503,313588.56003694935
2024-11-20,321924.0451994563,314577.6133043879
2024-11-21,321007.22564502497,313918.26553495286
2024-11-22,323582.89527682593,315772.7641213648
2024-11-25,329318.10347687814,319893.851015645
2024-11-26,333523.26115380006,322902.2556184973
2024-11-27,333272.72697480844,322723.68270334875
2024-11-29,337874.92362912686,326020.5690791922
2024-12-02,342240.01543448376,329125.12022269215
2024-12-03,348145.3659825781,333328.65456699725
2024-12-04,348844.72123364056,333823.1706629545
2024-12-05,348903.18298047775,333864.39438796695
2024-12-06,348513.3811742492,333589.6538566467
2024-12-09,356134.3495871116,338960.83545906306
2024-12-10,358133.9047800739,340361.9995234821
2024-12-11,355621.51540940115,338603.6474777179
2024-12-12,358498.9043596982,340623.0198886557
2024-12-13,358832.3199335024,340856.5366949635
2024-12-16,364544.4513979179,344853.9945652544
2024-12-17,369355.2476693175,348205.82483225706
2024-12-18,358651.3219690943,340746.648912645
2024-12-19,362053.9977818516,343136.86624450266
2024-12-20,371285.35213326797,349593.28980605333
2024-12-23,372829.0120004974,350664.7483724688
2024-12-24,378640.14127173147,354689.73087714944
2024-12-26,380273.2754043286,355816.1333347242
2024-12-27,373433.335501196,351104.34165279096
2024-12-30,366705.5863466843,346447.49386201694
2024-12-31,363190.000604781,344002.31156347605
