actual,predicted,fold
-0.09325523756434691,,-1
0.03174875252709596,,-1
0.03168041459573966,,-1
-0.034496901106189595,,-1
-0.1,,-1
-0.02279599375388027,,-1
0.04880711943427032,,-1
-0.06562031893700924,,-1
-0.03002782646200609,,-1
-0.03904217084791897,,-1
0.03569095089915158,,-1
-0.018825961674265073,,-1
0.02958460761961687,,-1
-0.003326588787395905,,-1
0.014335921889654277,,-1
-0.0047557712957383425,,-1
0.03672111100353283,,-1
0.059022219458492564,,-1
0.0455956865368998,,-1
0.015793215022517133,,-1
-0.009762329125827167,,-1
0.0075662243481908085,,-1
0.03729815708167281,,-1
-0.03041238536441223,,-1
0.031923953267461024,,-1
-0.026635326292282453,,-1
-0.027364531870728886,,-1
-0.008325481892074847,,-1
-0.010667514363682339,,-1
0.013877906581843713,,-1
0.008616506227511127,,-1
0.008227938297066507,,-1
0.013771647388998809,,-1
-0.021999585686065252,,-1
-0.01601562206519802,,-1
-0.005179732604616374,,-1
-0.002925429471788246,,-1
-0.08382044026301984,,-1
-0.005679736289207556,,-1
0.03566810715193881,,-1
-0.0037860189824467194,,-1
-0.008310280000396443,,-1
-0.0003477982923877912,,-1
-0.010489585185086808,,-1
0.030803582413969903,,-1
-0.08868572779749698,,-1
-0.1,,-1
-0.023902152542673045,,-1
-0.06422175028633488,,-1
-0.03898118422533827,,-1
-0.04106139811646391,,-1
0.05106856299102891,,-1
0.038600521433600515,,-1
-0.056300015594002537,,-1
0.0,,-1
0.013899113745977515,,-1
0.0373700746198864,,-1
-0.00967537792710726,,-1
-0.05813935295289823,,-1
0.03944716793092897,,-1
-0.064790136695433,,-1
-0.04214397051781164,,-1
0.04916504868567521,,-1
-0.043407338881043304,,-1
0.014508195212757622,,-1
0.0,,-1
-0.0015444479682198856,,-1
-0.013485853261765077,,-1
0.009873003461722752,,-1
-0.012487429195342232,,-1
-0.0005235453969311668,,-1
-0.05546502529288346,,-1
-0.018441442478542968,,-1
0.04682767172023784,,-1
0.02024551733033916,,-1
0.0010544967158066403,,-1
-0.008997181717411077,,-1
0.032429750984148374,,-1
0.07436529720271066,,-1
-0.010567115391062261,,-1
0.06042596659503308,,-1
-0.022059758633165904,,-1
0.016133109026154186,,-1
0.0629082004886764,,-1
-0.030516858298864944,,-1
0.011881430316173435,,-1
-0.09491639355101168,,-1
-0.024837008288189525,,-1
0.01662626394856061,,-1
-0.014656013291736205,,-1
0.0638618507582172,,-1
0.015120398711612847,,-1
0.012652737140652471,,-1
-0.01995535610151174,,-1
0.005481957655798018,,-1
-0.048539523806493505,,-1
-0.024692794002490574,,-1
-0.008368090643041911,,-1
-0.02959843077146331,,-1
0.0055851283580259994,,-1
-0.011713837674367738,,-1
0.0,,-1
-0.002051278527648127,,-1
0.02032595796656292,,-1
-0.04632840845386755,,-1
0.001053082659721923,,-1
0.01670201495855581,,-1
0.009273518100708525,,-1
0.1,,-1
-0.029266355513870593,,-1
-0.027866743769918784,,-1
-0.03856473783968188,,-1
0.004725988048593847,,-1
-0.001415289492438965,,-1
0.0032994124510018165,,-1
-0.0037718025386151524,,-1
-0.03362461566720109,,-1
-0.023728200468085,,-1
-0.03980128391878981,,-1
0.04379528959754081,,-1
-0.010518529778322346,,-1
0.1,,-1
-0.008533649571715754,,-1
0.060810332213439795,,-1
-0.027540491550122278,,-1
0.007822709356737047,,-1
0.051466335295857576,,-1
-0.01324512039701043,,-1
0.07773226696978565,,-1
0.008063032292347302,,-1
0.00799853946375207,,-1
0.03577132368142968,,-1
0.02458549455479969,,-1
-0.034887185940218744,,-1
0.015413116572647302,,-1
0.00906283563390861,,-1
-0.027068238736753385,,-1
0.019097267716239395,,-1
0.012651472882329217,,-1
0.005016261049393819,,-1
-0.014399135649579982,,-1
0.02364855944541818,,-1
-0.05196438373948199,,-1
-0.0022405458056842667,,-1
0.03525874283811901,,-1
-0.01088542693929009,,-1
-0.0018257086107564748,,-1
-0.04103528194306866,,-1
0.025194165299859884,,-1
-0.015718924510169,,-1
-0.017504288090578832,,-1
-0.005388836399905582,,-1
0.027034016551888727,,-1
0.05054151837568272,,-1
-0.008248226394399184,,-1
0.035029261474553375,,-1
0.022689201161263967,,-1
-0.012312097244294239,,-1
0.051310554511479804,,-1
0.022944860989088413,,-1
0.01332933295876283,,-1
-0.024574377445913086,,-1
-0.027847864383342302,,-1
-0.008340282642728465,,-1
0.00966836510136637,,-1
-0.01605388721235871,,-1
0.03543999853055816,,-1
0.00292454129633692,,-1
0.00840061608456226,,-1
0.014692087189004013,,-1
0.02906009315812866,,-1
-0.053126693512641356,,-1
0.014509302192867314,,-1
-0.00835741095821002,,-1
-0.041185206257516385,,-1
-0.05603119941565388,,-1
0.018678816750560004,,-1
0.014214211984771213,,-1
-0.013865078099109257,,-1
-0.0034965671709093777,,-1
-0.010209436533637518,,-1
-0.03199982078034112,,-1
0.019537483084981235,,-1
0.02091896257931072,,-1
-0.006335669958234317,,-1
0.021310771206804018,,-1
-0.01637959301992187,,-1
-0.04234567211203311,,-1
-0.005513800819045212,,-1
0.005147200691664315,,-1
0.004390706882915187,,-1
-0.019167449134356078,,-1
0.014043068079832476,,-1
0.019262740633798427,,-1
-0.0021622278032887026,,-1
-0.0072410768617784844,,-1
-0.0025468047854169044,,-1
0.04034102097366905,,-1
-0.02193234483673417,,-1
0.00641718939265971,,-1
-0.011077556101215772,,-1
-0.02731896471851772,,-1
-0.0014782646475605364,,-1
-0.014528105413791615,,-1
-0.006021979497473906,,-1
0.0022624398979742256,,-1
-0.026332209854991292,,-1
-0.00465123575248691,,-1
-0.0003886123859079737,,-1
-0.023595225725873286,,-1
0.003178382974562152,,-1
0.03431136089816781,,-1
-0.0197412987098408,,-1
-0.0019564479319002463,,-1
-0.00431799366707353,,-1
0.032129471072525104,,-1
0.03076019775790642,,-1
0.01175192614711224,,-1
-0.019911977649537154,,-1
-0.009730882598381311,,-1
0.03619315816816997,,-1
0.01619038456879602,,-1
-0.022375618076224596,,-1
-0.032643850719557325,,-1
0.014970379598503563,,-1
-0.01083118982810567,,-1
-0.035936588254850514,,-1
0.0015558119756011683,,-1
0.00928452832488639,,-1
0.00038494776358634244,,-1
0.004991250452882669,,-1
0.0011483599015813585,,-1
0.026799308723111807,,-1
0.004829840995635908,,-1
0.02886042639081225,,-1
-0.012318971078983682,,-1
0.05462352962417643,,-1
-0.02304573181403897,,-1
-0.026486818547813182,,-1
-0.024973772449759984,,-1
0.008517010332122654,,-1
-0.0029542056115227436,,-1
-0.013403001374255997,,-1
0.00523357391920898,,-1
0.009278171116843467,,-1
-0.017514816006269276,,-1
-0.017827135343234577,,-1
0.00458175359159738,,-1
-0.01884293907862127,,-1
-0.0038895339127037166,,-1
-0.019678038381990448,,-1
-0.003982551087090001,,-1
-0.030384904507411468,,-1
-0.008676048443031298,,-1
-0.03290040970756123,,-1
0.05140034635255718,,-1
-0.008179830570524373,,-1
-0.02074766725100325,,-1
-0.013933105192087264,,-1
-0.02671432273072135,,-1
0.0030522254313198886,,-1
0.013835037898935323,,-1
0.04368614089348522,,-1
-0.012407319728715959,,-1
-0.010878585352032127,,-1
-0.0016842073150542573,,-1
-0.004223051453038731,,-1
0.01636973178089906,,-1
0.00787889831526128,,-1
0.004122167071311611,,-1
-0.017009412662473834,,-1
0.02601846311868919,,-1
-0.024346225417444866,,-1
0.012865930189488822,,-1
-0.003718117251192541,,-1
0.02048392376462971,,-1
0.008881829425915063,,-1
-0.0028174255788306376,,-1
-0.016253957096646135,,-1
0.004496256474426175,,-1
-0.006136191006774072,,-1
0.01385512254142018,,-1
0.030685708417818255,,-1
0.012480710424865291,,-1
0.000387483787431164,,-1
0.00386697294525258,,-1
0.014179206884001596,,-1
0.0015209827045726788,,-1
0.012460053984987023,,-1
-0.017793315279455907,,-1
-0.01152541376509325,,-1
0.006547321870893574,,-1
0.003066304899739776,,-1
0.014437983190839127,,-1
0.1,,-1
-0.010238504474078647,,-1
0.040904289190626636,,-1
0.06024286995375963,,-1
-0.022303943067012225,,-1
0.01857642399662229,,-1
0.01482672131371718,,-1
0.029520420894958082,,-1
-0.016465381231190877,,-1
0.008266727068317497,,-1
-0.008526038978346178,,-1
-0.0010384194660509444,,-1
-0.0072993872722329324,,-1
-0.03190056487988511,,-1
-0.01004493594660535,,-1
-0.00245865038351081,,-1
0.014123068238465706,,-1
0.019495911399300944,,-1
0.015744189937204577,,-1
-0.0023460595731256305,,-1
0.005984159856468196,,-1
0.05057967576023992,,-1
0.019294944295168388,,-1
-0.0419919934087858,,-1
0.022697049113617203,,-1
0.017842560916648296,,-1
0.0002421018922105224,,-1
0.01394925668662156,,-1
-0.002151796322176804,,-1
0.020843912344599185,,-1
0.02979073972479291,,-1
0.002045836391072115,,-1
-0.01004122847790743,,-1
0.03249393926411145,,-1
-0.006459589673128534,,-1
-0.009880952146394773,,-1
-0.04147122124245762,,-1
0.058477550590888265,,-1
0.003543739475790408,,-1
0.01644600668112027,,-1
0.032312757485198386,,-1
-0.006337264655491538,,-1
0.026350316670973192,,-1
0.020632016362181538,,-1
0.018628420689246798,,-1
0.016727679869529322,,-1
-0.019908110890436172,,-1
0.0037755516666182396,,-1
-0.0027806468025808775,,-1
-0.022120263451180122,,-1
0.0371226397108743,,-1
-0.010240319863693762,,-1
-0.0692474510414058,,-1
-0.007879888798300929,,-1
0.047598115965562904,,-1
0.0012225306855905007,,-1
0.00811205032081953,,-1
-0.00020197997083811327,,-1
0.0325942318509442,,-1
0.020707127194405178,,-1
0.037775842215083996,,-1
-0.006847550455858495,,-1
-0.021966608785973393,,-1
-0.014916946092848276,,-1
0.010541540860382937,,-1
-0.00957863400299444,,-1
-0.03366934120460734,,-1
-0.01666194151930239,,-1
-0.007926068160060014,,-1
0.02418995402754876,,-1
-0.009203841924019972,,-1
-0.031236663500923408,,-1
0.038446773752029886,,-1
-0.019954204378361724,,-1
-0.032274301729712754,,-1
-0.000631000076038103,,-1
-0.028381294987296395,,-1
0.008835273408684634,,-1
0.044069346648785875,,-1
0.0057319139604361784,,-1
0.0004080447988670365,,-1
-0.0670855244647757,,-1
0.011498324575946337,,-1
0.0015087181368183189,,-1
0.00579820613916447,,-1
-0.010115226959401211,,-1
-0.030974470517227622,,-1
0.023592901414355057,,-1
0.012989979477227853,,-1
0.011122922371866018,,-1
0.0010633423007006405,,-1
-0.0070372367930698785,,-1
0.03964875035843739,,-1
-0.0057756604927872365,,-1
-0.008309128698587551,,-1
0.018599420433140765,,-1
0.02846081899812485,,-1
-0.01746496865061624,,-1
0.04842352863306297,,-1
0.02834257683384078,,-1
0.00914771861981031,,-1
0.019325103854774317,,-1
0.01285899267222706,,-1
-0.009401534918295845,,-1
0.0012707085438311693,,-1
0.04695700354738731,,-1
0.003283384755993525,,-1
-0.003976090553358272,,-1
-0.04047565092972587,,-1
-0.0317019968426097,,-1
0.01734993834752672,,-1
0.0010973964791124542,,-1
-0.0027455765155501894,,-1
0.04725278736549581,,-1
0.012508890968758967,,-1
0.005338009286767194,,-1
-0.017497211024163593,,-1
0.012504478440779737,,-1
-0.03566481606417624,,-1
0.032207071719893024,,-1
-0.0024277680026765377,,-1
-0.0071433443031856374,,-1
-0.01568467617063377,,-1
0.03850311786862995,,-1
-0.017238732747042948,,-1
-0.015419933164047588,,-1
-0.03925605170063862,,-1
-0.016667124811838744,,-1
0.02925970701386465,,-1
-0.029633151104315896,,-1
0.1,,-1
0.024101320501891677,,-1
-0.017574021465486343,,-1
0.020446694131826922,,-1
-0.008964344016289462,,-1
-0.00048258528249551787,,-1
0.03415885032656463,,-1
-0.012043467352153989,,-1
0.020249900031130946,,-1
-0.006187287438357931,,-1
0.043716087128507226,,-1
-0.0035707795810771795,,-1
0.003125328575118892,,-1
0.01122935208024917,,-1
0.022805889975423665,,-1
-0.015048837456455372,,-1
0.03142978270210898,,-1
-0.013226567623033984,,-1
-0.008482211538868665,,-1
-0.004631190339569488,,-1
-0.006986801505458104,,-1
-0.01545638129585098,,-1
0.02041045454063791,,-1
0.039472258622288266,,-1
-0.01025241442230389,,-1
-0.014789664800996112,,-1
0.031448692754480305,,-1
-0.02715999939366921,,-1
0.011065626336454587,,-1
-0.029348534597735725,,-1
-0.016258061612484623,,-1
0.014949485742700133,,-1
0.006525267382023025,,-1
-0.013825592938842264,,-1
-0.018786178530462952,,-1
0.004023671154626542,,-1
-0.047823990887270726,,-1
0.012249154335296318,,-1
-0.07186994243883253,,-1
0.009558485985964309,,-1
-0.015870945940941995,,-1
0.0038255044514009322,,-1
0.03874814444318908,,-1
0.0015956873925556795,,-1
-0.05287210916960336,,-1
-0.04715270652953052,,-1
0.0035180937920201304,,-1
0.021539783858170503,,-1
0.07001207621283233,,-1
-0.053479942164501124,,-1
-0.010706254212499221,,-1
0.006131906545459593,,-1
0.0033904013913720436,,-1
0.010605325942850147,,-1
-0.013147065031497712,,-1
0.038280673191202375,,-1
0.028810187405183027,,-1
-0.026852667909889945,,-1
-0.008017682145858794,,-1
-0.053309992012024944,,-1
-0.027581822511662864,,-1
0.03517728307339941,,-1
0.027645235866488024,,-1
0.022658705603145677,,-1
-0.011347960131219439,,-1
0.012492044813675067,,-1
-0.04493457409062158,,-1
-0.019669297627465825,,-1
-0.011038145854297824,,-1
0.008421084235716424,,-1
0.0442541758008715,,-1
0.0,,-1
-0.010079016137994936,,-1
-0.022365457807598643,,-1
0.0017251263831068546,,-1
0.020302575947487123,,-1
-0.011038603224595657,,-1
0.032426365723961494,,-1
0.0004957146309009225,,-1
0.013621269552649397,,-1
0.03412970002990552,,-1
0.00047249230583486224,,-1
0.005025975248453919,,-1
-0.008337937184742267,,-1
-0.0034816508864317867,,-1
-0.0033346375090575475,,-1
0.007447938348963795,,-1
-0.002371051346416355,,-1
-0.010979466362696878,,-1
0.006061548390726716,,-1
0.04493567281845291,,-1
0.00015207693673932767,,-1
-0.022911739373643866,,-1
0.003261163554807053,,-1
-0.004817733385055988,,-1
0.0032660565042974088,,-1
0.018462025741461344,,-1
-0.019394165001564583,,-1
0.0024838161408619517,,-1
0.013398141612621352,,-1
0.005339976182255166,,-1
0.025835022327265568,,-1
-0.004607451720691426,,-1
0.006977115953031546,,-1
-0.00459629308599675,,-1
0.011377879854616592,,-1
-0.02393987735637828,,-1
-0.002410608022714829,,-1
-0.015200196385182132,,-1
-0.03952109969666953,,-1
0.03460761354053996,,-1
-0.001540206642423968,,-1
0.022407734516871954,,-1
0.023243010392234014,,-1
-0.010809450112361028,,-1
0.007268699773348398,,-1
-0.01864769156835992,,-1
0.02981762734202206,,-1
0.01422185196080126,,-1
-0.0018753809928736302,,-1
0.028744397207560713,,-1
0.050465384309071576,,-1
0.002796813371978847,,-1
-0.0035973710374578574,,-1
-0.01628251118031211,,-1
0.013073959033737512,,-1
-0.02755898869701713,,-1
-0.003999495659868314,,-1
0.015767559187428577,,-1
-0.01121768402034598,,-1
-0.0030310548103073395,,-1
0.009612929118473413,,-1
-0.0015046996849957287,,-1
0.005187845507805737,,-1
-0.00834075737254491,,-1
0.012824081507313392,,-1
0.007158882909948747,,-1
-0.009058498674374882,,-1
0.012953975902075235,,-1
0.009340982174451121,,-1
-0.006395949375030588,,-1
-0.0032131748982083272,,-1
0.0,,-1
0.006016540113866337,,-1
0.012451937363077259,,-1
-0.017664266784785977,,-1
-0.010371127655188984,,-1
0.01291399850140176,,-1
0.024555610036224185,,-1
-0.011146787339536727,,-1
0.0015809798208612242,,-1
0.01710130498769109,,-1
0.00812106417481539,,-1
-0.01578691934162991,,-1
0.00986383267754025,,-1
0.006308182598414443,,-1
-0.005662660301562275,,-1
-0.038147557307914734,,-1
0.019913127570174615,,-1
0.004589873409086169,,-1
0.007430053776120924,,-1
0.011748781149672368,,-1
-0.014349507245862394,,-1
0.0192151866151798,,-1
0.003188002441607944,,-1
-0.01694937521704894,,-1
0.020127636622115298,,-1
0.002661554690446844,,-1
0.0005063457636877531,,-1
-0.03200999977589482,,-1
0.006899794422146998,,-1
0.004659738272527271,,-1
0.0015483343483901578,,-1
-0.016510088814160294,,-1
0.01599407851341787,,-1
-0.020987432157578007,,-1
-0.040322692214349524,,-1
0.0010966393209211765,,-1
0.008186632004670546,,-1
-0.0051772438209907274,,-1
-0.007954027975687865,,-1
0.04469734081405296,,-1
0.013080654707808632,,-1
0.022360298769211306,,-1
-0.0040749707925937205,,-1
0.021085229958964308,,-1
0.00784029338887721,,-1
-0.004846093661477433,,-1
0.006085013014519784,,-1
-0.06271605245454838,,-1
-0.0233390754661216,,-1
0.011804373317265532,,-1
-0.014912752447547984,,-1
0.02512839533935477,,-1
-0.012351432816745798,,-1
0.005729910854754456,,-1
0.004507157530955727,,-1
-0.00796800054872433,,-1
-0.005213620433207274,,-1
0.001473360096468138,,-1
-0.006309963768576886,,-1
0.008448894803619862,,-1
-0.00858372600173516,,-1
0.0013461511160348895,,-1
-0.013679215362857235,,-1
0.0036750195010100367,,-1
0.0020360303464814706,,-1
0.0035191904899923125,,-1
0.021652739958425208,,-1
0.025972204499956675,,-1
0.001029931463740189,,-1
-0.03403457984661978,,-1
0.004782298600276983,,-1
-0.007716044764705793,,-1
0.004796213499858803,,-1
0.014775963722453789,,-1
0.0020930410007786236,,-1
0.004173285157901882,,-1
-0.008626333880074437,,-1
0.020142292817879177,,-1
0.0012856504004165753,,-1
-0.01085144536251434,,-1
-0.030329087072718336,,-1
0.018833330223619216,,-1
0.02964419054228211,,-1
0.018701494974655276,,-1
0.019463871029203706,,-1
-0.010366459782573697,,-1
0.0019827987218853896,,-1
0.00012383608835307735,,-1
-0.009452738603308407,,-1
-0.010047789178078415,,-1
-0.015263652652007631,,-1
0.005496275602612826,,-1
-0.01619145460153964,,-1
-0.013565107533043663,,-1
0.0,,-1
0.02630903670429225,,-1
-0.005644070525457465,,-1
-0.013207592102799455,,-1
-0.003525403195470378,,-1
-0.002226285453452065,,-1
-0.02967014196729874,,-1
0.015144704750137952,,-1
0.014000866476409916,,-1
0.00653688808302313,,-1
0.011788552911626648,,-1
0.002315381922160711,,-1
-0.004249053117228144,,-1
-0.022443637278277556,,-1
0.006051867478695187,,-1
0.022822721133852076,,-1
-0.027160278457128935,,-1
-0.012193681089477996,,-1
0.005452326356986885,,-1
0.0030458123007154427,,-1
-0.0002644543546422633,,-1
-0.015192235528885614,,-1
-0.0004029400333748345,,-1
0.010024906490604805,,-1
0.0174034225309901,,-1
-0.0036665078888473727,,-1
-0.006448788899839848,,-1
-0.0018502625129359822,,-1
0.014575829441621842,,-1
0.03471823785895178,,-1
0.006025614719982825,,-1
-0.013355416101004769,,-1
-0.004958858519346946,,-1
0.01404990870698759,,-1
0.010627154228708285,,-1
-0.0180705713545114,,-1
0.009828615565870022,,-1
-0.0018825123606963704,,-1
0.016199768317361786,,-1
0.0038246191095357897,,-1
-0.014886828287942912,,-1
-0.007149627975726352,,-1
-0.024079065877599656,,-1
0.0002576414705876583,,-1
0.017380692635538302,,-1
-0.011211516984006221,,-1
0.0002559911766409671,,-1
0.01638870296332979,,-1
0.019343028865486556,,-1
0.022486539612391915,,-1
0.01260909238804781,,-1
0.007489457325833772,,-1
0.010369052522690058,,-1
-0.02841539123520675,,-1
0.0010848273459157774,,-1
0.0034875400358559787,,-1
-0.0012014526479056245,,-1
-0.011848626443559067,,-1
-0.006711888892013071,,-1
-0.0013478006949170576,,-1
0.010731881889094791,,-1
-0.0014566147763423335,,-1
-0.0004860723837583426,,-1
-0.0013378952139091861,,-1
-0.0015832302207455387,,-1
0.011754159348199782,,-1
0.006125040237891458,,-1
-0.009745624543740205,,-1
-0.004847896506313486,,-1
-0.01876319251629252,,-1
0.028194946500020693,,-1
0.006358343361249274,,-1
0.01200586990176955,,-1
-0.026581811324837612,,-1
-0.01073580981744094,,-1
0.004650140751186552,,-1
-0.015130445216501663,,-1
-0.0026061561783558575,,-1
-0.021352256974448865,,-1
0.0027888723111584943,,-1
-0.0022813409692237227,,-1
-0.015987819488534914,,-1
0.006938038913964099,,-1
0.004216380568040654,,-1
0.0010194959768109748,,-1
-0.006388747399887339,,-1
-0.007075495039137105,,-1
0.012572374986784053,,-1
0.03667266016917951,,-1
-0.011743692459119964,,-1
0.00570358964072746,,-1
-0.00309581526705422,,-1
-0.0009924862717686416,,-1
-0.0008696518963644608,,-1
0.0007453668156077746,,-1
-0.01513768889808547,,-1
0.015261973978842165,,-1
-0.0049783151758614145,,-1
-0.012049921558607712,,-1
0.013795142839814834,,-1
0.0018664448106313252,,-1
0.024559138984453138,,-1
-0.00474189340679978,,-1
0.001096136656566403,,-1
-0.01805832526617263,,-1
0.0,,-1
0.018301945514754437,,-1
-0.004024761500957104,,-1
-0.0036728899516410268,,-1
-0.010108332699842848,,-1
0.004327045223321675,,-1
0.00896538152649435,,-1
0.01360066603815628,,-1
-0.004836266735854952,,-1
0.02666824953248267,,-1
0.036384494188550685,,-1
0.011089892177672448,,-1
-0.009952560616275072,,-1
0.00034093865499362156,,-1
-0.02543155097638064,,-1
-0.00034963241040194225,,-1
0.013203844281647366,,-1
0.004362644990574014,,-1
0.002974297702331637,,-1
-0.003776421338937221,,-1
-0.01816438808501886,,-1
0.002681708958131438,,-1
0.023817415936344892,,-1
0.024151783789118156,,-1
-0.0046723545497900035,,-1
0.0008916611016626817,,-1
0.012070232259964227,,-1
0.044351372064992484,,-1
0.030487592660072445,,-1
0.004890473319538293,,-1
-0.013815928800897836,,-1
-0.016625452337693778,,-1
0.015697620828814162,,-1
-0.029093761860125772,,-1
0.011823350754714766,,-1
0.017682869346494746,,-1
-0.01852284324651388,,-1
-0.012683873262883808,,-1
0.0013819449269551008,,-1
-0.0008502393126633513,,-1
0.024988145815116644,,-1
-0.013781732356044548,,-1
-0.008657942644054424,,-1
-0.001592145200558803,,-1
-0.005645033472841107,,-1
0.006069837133993003,,-1
-0.008101550474303046,,-1
0.010540492620157271,,-1
-0.005203029061996448,,-1
0.01311487360730861,,-1
0.0014699879489286304,,-1
-0.051122277149377525,,-1
-0.050967673428123104,,-1
-0.04722868542300874,,-1
0.011024483636535585,,-1
0.049249124801994025,,-1
0.02871547585398665,,-1
0.014164199324977244,,-1
-0.01751326451637842,,-1
-0.024907880763049655,,-1
0.0300384814388498,,-1
-0.019546858719377263,,-1
0.0012471903581703996,,-1
0.014286698064975652,,-1
0.010112872336166914,,-1
0.01688454250078925,,-1
0.0007607126651943592,,-1
0.0028206268956614887,,-1
0.0063710819120160675,,-1
0.005902927417758236,,-1
0.009478754812699658,,-1
0.0006358143086143161,,-1
0.012108662523106313,,-1
-0.0274804097930755,,-1
0.010806174219705724,,-1
0.0046715299350250875,,-1
-0.017523857172823974,,-1
-0.039129962659237544,,-1
-0.028885384540328348,,-1
0.03659007217939271,,-1
0.011611971238396229,,-1
0.012239310475761862,,-1
0.020851937735004787,,-1
-0.012954441017562848,,-1
-0.0043197349724076895,,-1
0.0007572562122274144,,-1
0.008292519382659633,,-1
0.010880105859464483,,-1
-0.001486130162903737,,-1
-0.000531529813250944,,-1
0.019892120699588595,,-1
0.016331178992652063,,-1
0.009489432090628478,,-1
-0.015040933175991408,,-1
0.001133385614561126,,-1
0.026020318270969532,,-1
0.024969158806078882,,-1
0.015343072307434561,,-1
-0.000674841267209154,,-1
0.004810059516385763,,-1
0.006504659886027885,,-1
-0.028138213306995598,,-1
0.013055591178511612,,-1
-0.007091282996179752,,-1
0.013170949234636327,,-1
0.045329839624782126,,-1
-0.01538077031803993,,-1
-0.005711944944865762,,-1
0.013246525353783623,,-1
0.010142212772929787,,-1
-0.009123286045962724,,-1
-0.03840649202307784,,-1
0.0008655999207752381,,-1
0.010422061130816358,,-1
0.02480174059092911,,-1
-0.01411042101620704,,-1
0.009926209280578623,,-1
-0.003453645330509889,,-1
-0.011378260271543282,,-1
-0.003125690562030053,,-1
0.00037943428749261375,,-1
-0.011540976903904447,,-1
0.02725371110194793,,-1
-0.009850454437822637,,-1
-0.016061087731416575,,-1
0.017097608266068463,,-1
-0.0053827194494599434,,-1
0.008297931066612748,,-1
-0.017907487530192126,,-1
0.007808931619860894,,-1
-0.03180369136165992,,-1
0.024568373060950183,,-1
-0.0010516554405544287,,-1
0.02119881918712483,,-1
-0.005351745605205948,,-1
-0.02073698395187532,,-1
0.006991896446443687,,-1
0.007038304064177994,,-1
-0.008375473657861671,,-1
0.0037204558510867533,,-1
0.008627682339469358,,-1
0.012477476254829426,,-1
-0.009743357346270265,,-1
-0.01479541814136437,,-1
-0.0235897833715612,,-1
0.004976907853880463,,-1
0.0023334168835691766,,-1
-0.05028678899075675,,-1
-0.006043628285495106,,-1
0.0018477257299173286,,-1
0.018895416430152454,,-1
-0.04035258030036776,,-1
0.03023818583315664,,-1
-0.03517487067417569,,-1
0.0030489265412326533,,-1
-0.009598794745279405,,-1
-0.002015814933282967,,-1
0.03935964187100736,,-1
-0.009541029480356868,,-1
0.003395882156122717,,-1
-0.03013937998194819,,-1
0.1,,-1
0.02801559791037581,,-1
0.025342330872161662,,-1
-0.0041792948066784645,,-1
-0.01689433813971216,,-1
-0.019715727869408693,,-1
-0.059861342195207126,,-1
-0.042396682578874995,,-1
-0.0021073911836563407,,-1
0.014560893433649394,,-1
0.008969620130898982,,-1
0.000980680597032914,,-1
-0.003928884080523494,,-1
0.03472124678648803,,-1
-0.016581468187028287,,-1
0.01057491092432505,,-1
0.024466444804667864,,-1
-0.015991403967500237,,-1
0.013375110560838965,,-1
0.011072334032673012,,-1
-0.001388923891383749,,-1
-0.00930926539292903,,-1
0.026761767072993586,,-1
0.0011829740392596965,,-1
-0.003370685034541869,,-1
-0.010919133408550285,,-1
-0.024847160752487666,,-1
0.0018897111134420688,,-1
0.014805499496160172,,-1
-0.0017687745533592804,,-1
0.01928725255527566,,-1
0.004377422675150412,,-1
0.007073076784460721,,-1
0.013551800552118536,,-1
-0.01039430292937877,,-1
0.003865626176110588,,-1
0.0035826895500777364,,-1
0.003569899694117186,,-1
0.0025801733159611113,,-1
0.004521483589629172,,-1
0.005645302989951532,,-1
0.021320859382702072,,-1
-0.012476442986954933,,-1
-0.005244722946135094,,-1
0.017032040026328948,,-1
-0.030709641299874954,,-1
-0.002936356354698756,,-1
0.013190080834612284,,-1
-0.0006157640032242289,,-1
-0.026844398652214635,,-1
-0.014935099988841651,,-1
0.014754388037435026,,-1
-0.0009043975354052826,,-1
0.002981517004358694,,-1
-0.01088542693929009,,-1
0.007360669870176869,,-1
0.016521847806928,,-1
0.0011571045017363922,,-1
0.009032339309823532,,-1
-0.025715854777462115,,-1
-0.004169185757701282,,-1
-0.012245415187431684,,-1
0.0011944966476313162,,-1
0.06952536973919576,,-1
0.007255419554177722,,-1
0.008384605795508843,,-1
-0.009661251014241859,,-1
0.005350523340904337,,-1
-0.002119637194335268,,-1
0.01415949846146422,,-1
-0.0020945012120283093,,-1
0.010511542594826628,,-1
-0.008166062635086334,,-1
0.006338655675513844,,-1
-0.003915107154677089,,-1
-0.009560780142424142,,-1
-0.011185553980060214,,-1
0.002553334524605581,,-1
-0.007165646296173149,,-1
0.004612311771567423,,-1
-0.011829344129264674,,-1
0.014807372827407371,,-1
0.0016130421172383875,,-1
0.013313360436478754,,-1
-0.0007535049060121365,,-1
-0.004786182453841326,,-1
-0.00025267278236463684,,-1
0.0012620799761515374,,-1
-0.003875264140509171,,-1
0.002697393960891416,,-1
-0.008708530966089248,,-1
0.005335633891726961,,-1
0.0014348585885266534,,-1
-0.016498324789471334,,-1
-0.023161123591792936,,-1
0.008650621930692902,,-1
-0.0029625597221177823,,-1
-0.001834263918562946,,-1
-0.012048666593633415,,-1
0.003092013740525672,,-1
0.008869472455182142,,-1
-0.0041176087908646065,,-1
0.010218845741161244,,-1
-0.02641454609320736,,-1
-0.028140409507713973,,-1
0.03365686533057028,,-1
0.01287144075645122,,-1
0.0010506356874561184,,-1
-0.0007878059830374757,,-1
8.746000476370216e-05,,-1
0.021655248930586957,,-1
-0.007310132881635702,,-1
0.0119268477009249,,-1
0.005359170570502481,,-1
0.0005088559384493646,,-1
-0.009799327554179617,,-1
0.004357545637061267,,-1
-0.0036728643039449023,,-1
0.021251435289734843,,-1
0.010334168856307195,,-1
0.010803004432241952,,-1
-0.010803004432242098,,-1
0.0032283156473614915,,-1
0.005193133151881251,,-1
-0.003376590010801913,,-1
0.017337689597423468,,-1
0.013369017888835292,,-1
-0.00851612666223834,,-1
0.0029808543174411574,,-1
-0.009862614480497392,,-1
-0.004723047417933811,,-1
0.014987792727610366,,-1
0.006332457990709842,,-1
0.0008786263805035731,,-1
-0.0015979822165486028,,-1
-0.0014403274748226926,,-1
0.0001601252018866185,,-1
-0.00016012520188656034,,-1
-0.007878517046338214,,-1
-0.004854399284723063,,-1
0.008640634897567265,,-1
-0.0037055675422861837,,-1
-0.002828691622505898,,-1
0.0047636420357062455,,-1
0.0017706171290859454,,-1
-0.007181864053915941,,-1
0.003314891850479511,,-1
0.008599539180267929,,-1
0.0125648281863304,,-1
-0.005547269715649527,,-1
0.0022226019118588244,,-1
0.0003963608426432699,,-1
0.0026911318431907427,,-1
0.025134064862608135,,-1
0.01012362931974141,,-1
-0.005969771010644678,,-1
-0.024634982293026804,,-1
0.012432303995686882,,-1
-0.011567212316218625,,-1
0.004392438942365559,,-1
0.004529170266651251,,-1
0.005593914278065585,,-1
-0.0032594519940912356,,-1
-7.769582030556698e-05,,-1
0.010054965523012214,,-1
0.0010769120896877834,,-1
-0.016431807389267306,,-1
-0.005092730101697275,,-1
0.01078149652179757,,-1
0.004187297245442406,,-1
-0.008860706543191817,,-1
0.0014043174964468445,,-1
0.0038904268895806936,,-1
-0.004514364496411985,,-1
0.002182020765551727,,-1
0.0020993360950019827,,-1
0.0019401527891857707,,-1
0.009644050670149586,,-1
-0.01049737817613652,,-1
0.0013181474180799996,,-1
-0.009576830230372734,,-1
0.0004693140229556076,,-1
-0.0026622024822860156,,-1
0.00804342254890514,,-1
0.011906585542449064,,-1
-0.0008456835967524828,,-1
0.015797580366544463,,-1
0.009120039049781542,,-1
-0.0074555143129759254,,-1
-0.00949401049875165,,-1
-0.010355412076069945,,-1
0.012261485582376894,,-1
-0.002287701109252107,,-1
-0.011439954174260074,,-1
-0.018156211184793165,,-1
-0.05803302901533794,,-1
0.00623060860352817,,-1
0.0115276382543388,,-1
0.016804267048991777,,-1
-0.008407593727035213,,-1
-0.01951039102881708,,-1
-0.01484469271000564,,-1
-0.033663986330949726,,-1
0.01825433319627005,,-1
-0.007364939663240423,,-1
0.012386438136961258,,-1
-0.006558626922291193,,-1
0.03978927885101369,,-1
-0.0024667114181255965,,-1
-0.005200054584225641,,-1
-0.0038138948808821133,,-1
0.0002492510516577766,,-1
0.003813009753412468,,-1
-0.02047803819349078,,-1
-0.028436218587022465,,-1
0.002602982819279117,,-1
0.017437963805127705,,-1
-0.0010223730645779188,,-1
0.005440856410815821,,-1
0.00810614631189785,,-1
0.00645458798292866,,-1
-0.01608801602293346,,-1
0.021338275660214415,,-1
-0.0008317056970989742,,-1
0.002990437220666474,,-1
-0.005822806697954043,,-1
-0.005269518707953758,,-1
-0.0012587967933937489,,-1
-0.00041986525245948166,,-1
-0.013872536680364879,,-1
-0.001108190352977266,,-1
0.006290630127035696,,-1
-0.009279595051805098,,-1
-0.0048868673455711,,-1
-0.011236098634704074,,-1
0.015609647456838674,,-1
0.015538489464148311,,-1
0.016544540746353885,,-1
0.02245266049881516,,-1
0.01200123807753471,,-1
-0.004413276042202811,,-1
0.013895570783318434,,-1
0.004194703870094836,,-1
0.01349251928657183,,-1
-0.003668839322518431,,-1
0.0003908773118818848,,-1
-0.0028964900198177688,,-1
-0.004006445913166554,,-1
0.014767524973226843,,-1
0.00340667959022924,,-1
0.016178385566364646,,-1
0.009839013873672949,,-1
-0.004529012526711381,,-1
-0.009120029338268242,,-1
-0.005051709090664764,,-1
0.022084128813729453,,-1
-0.018101810560410186,,-1
0.0010693908373455995,,-1
0.008211853266940934,,-1
-0.0016674260058896727,,-1
0.01774215010880106,,-1
-0.00044732179708058777,,-1
0.00037278205846300586,,-1
-0.001043796286774515,,-1
-0.0014931776543873332,,-1
-0.0030679042816948105,,-1
0.0029931696198443264,,-1
-0.0023187436721524243,,-1
0.0014218365287404357,,-1
0.017788751106587817,,-1
-0.005598970586872537,,-1
0.0005910109318401927,,-1
0.007136098787101581,,-1
-0.006398279434989603,,-1
0.013775242714652814,,-1
-0.004814509266824439,,-1
0.0029935389380086296,,-1
0.001820970328815861,,-1
-0.0008734191646999494,,-1
0.0030541932267166127,,-1
0.0037686307191287832,,-1
0.003970499120761194,,-1
0.005819310544283163,,-1
-0.002007658021826529,,-1
0.0028669133764970063,,-1
0.0019306841916888243,,-1
-0.0010722764012386012,,-1
0.0007149420719832211,,-1
-0.010271191934219883,,-1
0.007767040495364387,,-1
-0.00043004559410228505,,-1
0.005788426888952623,,-1
-0.00014234297212725256,,-1
0.010209827596294222,,-1
0.006258436579568552,,-1
-0.001683691374367817,,-1
-0.002531188811082294,,-1
0.0016178693042158431,,-1
-0.003873133922699432,,-1
0.0008464557867076974,,-1
-0.004805394718679121,,-1
-0.0027663689690681508,,-1
0.0018450233997094631,,-1
-0.007972581430984404,,-1
-0.002432953186247604,,-1
-0.0013622129835225373,,-1
0.0144585125036449,,-1
-0.0032581941634098614,,-1
0.009250541159410408,,-1
0.010696836754510997,,-1
-0.0008347588089104541,,-1
0.012381202702002858,,-1
0.006987495460595012,,-1
0.00047755617986398364,,-1
0.007748311439273487,,-1
0.017117328729444162,,-1
0.014601808094444873,,-1
0.002096606416325353,,-1
-0.006435137718262198,,-1
-0.00627786734949337,,-1
-0.0040517818926022004,,-1
0.005442915921539008,,-1
-0.0038469031408440717,,-1
-0.0012634789094346066,,-1
-0.0016646979247333196,,-1
0.001930890734335757,,-1
-0.0009317803926366243,,-1
-0.002733570719588224,,-1
-0.03346869579682478,,-1
0.019213534630998647,,-1
0.0027052056966699136,,-1
0.0012150212956662824,,-1
-0.0011473603029499594,,-1
0.013216754854329117,,-1
0.012715274495286323,,-1
0.0011181068053274107,,-1
0.0016421493437875233,,-1
-0.006056052066575283,,-1
0.0004621936204931517,,-1
0.01363326852134863,,-1
0.00013002858046510323,,-1
-0.005351520076830511,,-1
0.0020263840581517425,,-1
0.010330529095389165,,-1
-0.033587344036786454,,-1
-0.007784187417165626,,-1
0.014977413496993431,,-1
-0.0028577079168241146,,-1
-0.002999438433389631,,-1
0.005591979898579875,,-1
0.014694749313877563,,-1
-0.004063833341005586,,-1
0.010843898607237282,,-1
-0.0033191768257867255,,-1
0.010827848228968883,,-1
-0.009589868804984598,,-1
-0.019792110987185148,,-1
0.01751076501577179,,-1
-0.014460713562758501,,-1
-0.00039733659851853354,,-1
-0.017033960434709852,,-1
0.012786089287394038,,-1
-0.010161697117125027,,-1
0.017451754723706137,,-1
0.013511094775227082,,-1
0.011464964415092505,,-1
0.023109591110980647,,-1
0.002262887796071677,,-1
0.004448231794409816,,-1
-0.0015014528557278093,,-1
0.019405978044673748,,-1
0.007828958210770643,,-1
0.00237322636083166,,-1
-0.0006080571351868689,,-1
0.009502861627681743,,-1
-0.004346820395523162,,-1
0.0019946345509875463,,-1
0.02874778455508132,,-1
0.011723868851157608,,-1
-0.01873020822168409,,-1
0.00359750724992139,,-1
-0.0033022269890949185,,-1
-0.00420266799890605,,-1
0.006090925204001898,,-1
0.013817633915177686,,-1
-0.004370505345081061,,-1
-0.00029195155821905923,,-1
-0.022329690377960607,,-1
0.004054050384386865,,-1
0.015760503933183765,,-1
0.0014629368843024585,,-1
-0.005865174951695628,,-1
-0.018343648657363345,,-1
0.002991268435360837,,-1
0.0022076934215817037,,-1
0.011024911892717405,,-1
-0.005497307975859244,,-1
-0.005766199561435113,,-1
-0.008501281290036362,,-1
0.005516089704026635,,-1
0.004831746185190274,,-1
0.01106607502015551,,-1
0.011992319239873518,,-1
0.0002907892590343446,,-1
-0.007586158748549834,,-1
0.007992853844825844,,-1
0.00648712230693736,,-1
-0.013133442431148811,,-1
0.014863909174188328,,-1
-0.003174724525736334,,-1
0.0005202761257690394,,-1
-0.012151039001542104,,-1
0.0039697078854275284,,-1
-0.009542031298299301,,-1
0.014655976413408246,,-1
-0.0020310352013884446,,-1
-0.006175622954867636,,-1
-0.00333680617571476,,-1
-0.04601751738331087,,-1
0.008193848393817258,,-1
0.020911174305165727,,-1
0.006242453139357153,,-1
0.012603304539541175,,-1
-0.008227118432127697,,-1
0.0028872060332703125,,-1
-0.009102407072670193,,-1
0.016605267323115666,,-1
0.005764750019954983,,-1
0.0015664459355731006,,-1
-0.005289320728386498,,-1
0.0066796996917178235,,-1
-0.0011004830107912112,,-1
0.006872892096155021,,-1
0.0044794647174061855,,-1
0.009069327872548008,,-1
-0.0004544074391914323,,-1
-0.008385857142749246,,-1
0.0024030557339128258,,-1
-0.021430340271863867,,-1
0.0030899177390421514,,-1
-0.0070094937077217956,,-1
0.00017588475910237757,,-1
0.041611601470960435,,-1
0.011125120192633333,,-1
0.001055806817315422,,-1
0.014336406369525254,,-1
-0.02068768969402002,,-1
0.0,,-1
0.006962093627687744,,-1
0.00044388296167986637,,-1
-0.0038352632437339313,,-1
-0.0014491050918040635,,-1
-0.004695862580348897,,-1
0.0017355570880232887,,-1
-0.003923420662476735,,-1
-0.0006741396580619489,,-1
0.009173823105664818,,-1
-0.003290582140508578,,-1
-0.0014534701489523755,,-1
0.01730476018577141,,-1
-0.0054584859677363675,,-1
0.010504748506643133,,-1
0.0013666328535662299,,-1
-0.003338299015327312,,-1
-0.04078305258580497,,-1
0.011637535857247116,,-1
-0.011808900839412412,,-1
-0.020948965494352035,,-1
0.007900156411653777,,-1
0.018516404280221256,,-1
0.022909389987421813,,-1
-0.006348454030939484,,-1
0.00022350262348122147,,-1
-0.011685501011023761,,-1
0.007543714816125997,,-1
0.000504611928431544,,-1
0.009984299330629014,,-1
0.0035457024268543444,,-1
-0.00727126263464894,,-1
-0.009065548774769686,,-1
-0.0024765192724258817,,-1
-0.0014097242792678471,,-1
-0.006851995655122015,,-1
0.009219291970642215,,-1
0.001687624798014187,,-1
-0.008239804772743857,,-1
0.027720676540359052,,-1
0.017755619875491596,,-1
-0.0018427629278315858,,-1
0.013578517541113387,,-1
0.007624028787628517,,-1
-0.00218003380734705,,-1
-0.0001596615179218637,,-1
-0.0003728336451219331,,-1
-0.04576713193126539,,-1
-0.0054784820522659665,,-1
-0.004438308859706097,,-1
0.012311287437510362,,-1
0.008252899430133857,,-1
0.022255697377230623,,-1
0.02124349834975401,,-1
-0.014897946181493657,,-1
0.004972899105844719,,-1
0.013351891876473716,,-1
-0.021384834899095317,,-1
0.006110834639080526,,-1
-0.0012298547942183014,,-1
0.0326362259498161,,-1
-0.014659673587292395,,-1
-0.04856436435055413,,-1
0.02209783354913762,,-1
-0.028073785711992507,,-1
-0.048906814109839346,,-1
0.026059198189127903,,-1
0.0017020823688062854,,-1
-0.018652531067597566,,-1
0.03612831158936477,,-1
0.0024480831345995756,,-1
-0.014553157418148449,,-1
-0.007640852001382142,,-1
0.010737025201686125,,-1
0.00605214296377407,,-1
0.023739579728570142,,-1
0.008907904906175589,,-1
-0.018942180907447474,,-1
-0.017455421381196174,,-1
-0.013436773446073238,,-1
0.003857474439226495,,-1
0.021176021875532126,,-1
-0.0034426020624367744,,-1
0.021624558197171774,,-1
-0.00748547730192228,,-1
0.015725204141565148,,-1
-0.0025404235733785746,,-1
-0.01571060651860992,,-1
0.012620620469456938,,-1
-0.0017932470872778145,,-1
0.006667586484488391,,-1
-0.07009721640129263,,-1
-0.025888482794179803,,-1
0.007347317829575252,,-1
-0.0269250483517836,,-1
-0.033924588065680265,,-1
0.004194568706774504,,-1
-0.05022179765133416,,-1
0.005307044895565008,,-1
0.043226458384839815,,-1
-0.027922359444021393,,-1
0.004622841005501594,,-1
-0.006490698026874418,,-1
0.026969914366123632,,-1
-0.013521194924282982,,-1
0.004632879476916118,,-1
0.04403610256307006,,-1
0.007725943434211134,,-1
-0.014840454588113993,,-1
0.0039588157228891375,,-1
0.0018824749063244362,,-1
0.02297024066233291,,-1
-0.01373081373764889,,-1
0.010405144209150025,,-1
-0.010886097507380274,,-1
-0.00264966384225763,,-1
-0.037788982058616125,,-1
0.0,,-1
0.08674009594528073,,-1
-0.0032783620281550204,,-1
-0.009201773165911998,,-1
0.010755956186676002,,-1
0.012631364551367593,,-1
-0.011711420707827196,,-1
0.014773693298810325,,-1
0.007670938636305449,,-1
0.0053238406056453835,,-1
0.020687689694019896,,-1
0.015590127696449992,,-1
0.007838559654048427,,-1
-0.001873554068127165,,-1
-0.012508265463165753,,-1
-0.00609499639864813,,-1
0.0030522254313198886,,-1
-0.005894578486118074,,-1
0.009859247111281794,,-1
-0.003747122046387892,,-1
0.01672556340318936,,-1
-0.005203542921984152,,-1
-0.0054469435612189915,,-1
0.004424734804470165,,-1
0.010337329530079329,,-1
0.02166373662905491,,-1
0.011457580413503421,,-1
-0.003666554787751544,,-1
-0.0017607605838596593,,-1
-0.008327291761732662,,-1
-0.016652983180718436,,-1
0.004877033922095241,,-1
0.012820560594297354,,-1
0.004479795160424372,,-1
5.214828786087034e-05,,-1
0.02261027579221042,,-1
-0.0048898042740231394,,-1
0.012482464466555043,,-1
-0.0041435331393254275,,-1
0.022579743247594604,,-1
-0.002478186909526026,,-1
0.0011902413514550854,,-1
-0.027081062245796077,,-1
0.013406147358908532,,-1
-0.016006811065039338,,-1
0.0019893049709140674,,-1
-0.009781042566880392,,-1
0.01552323310527611,,-1
-0.023739160127952432,,-1
0.029246811823682987,,-1
0.02380116157109719,,-1
0.007402546972890694,,-1
-0.005878285648977218,,-1
-0.00492519418127968,,-1
0.021394812151860485,,-1
0.0019312071532581548,,-1
-0.00043425587070544956,,-1
0.013230871495118432,,-1
-0.003004705270822517,,-1
-0.006084848098730668,,-1
0.008851277165032359,,-1
0.004609730698553669,,-1
0.01767053398682193,,-1
0.013096861680267394,,-1
-0.1,,-1
-0.007803017591463009,,-1
-0.02214277222112459,,-1
0.008846640776027755,,-1
-0.00540358385419572,,-1
0.02712662050281439,,-1
0.007962878124220309,,-1
0.043531804663609286,,-1
-0.01017608395879718,,-1
0.007425668571195087,,-1
-0.011350482680235571,,-1
-0.015577555885005208,,-1
-0.001165655326028527,,-1
0.0058700536604047865,,-1
-0.008762205972290679,,-1
-0.027272185569283455,,-1
-0.005165070905991032,,-1
-0.007507905530667358,,-1
0.0006953421131264764,,-1
0.0058918083404562414,,-1
-0.004270954618400116,,-1
0.010070540807809478,,-1
0.01596128668263034,,-1
-0.006785170128811859,,-1
-0.002044500008579059,,-1
0.00984341295475296,,-1
-0.01081035293185757,,-1
-0.02634976328264935,,-1
-0.02352781280357248,,-1
-0.028208434388794022,,-1
0.00313282724973783,,-1
0.0069678387993384085,,-1
0.010663054290648797,,-1
-0.02402997235465706,,-1
-0.0039585283462520915,,-1
0.005931884424271085,,-1
-0.010777375799790778,,-1
-0.0017452212812071322,,-1
0.01707101712204201,,-1
0.017990134707693964,,-1
-0.0187877448796374,,-1
0.015106782166500589,,-1
-0.0030273048784197542,,-1
0.012294215354950143,,-1
0.011257263387881387,,-1
-0.02628409791067283,,-1
-0.01235863861444142,,-1
-0.019331167848010276,,-1
0.019269492559869195,,-1
-0.02228664840832223,,-1
-0.009614878326606504,,-1
-0.0005086624383247456,,-1
0.004125035303832171,,-1
-0.042168624121011584,,-1
0.012929624545172607,,-1
0.002539999176036793,,-1
-0.0014319215481049246,,-1
0.03368863370618649,,-1
0.004022624107375335,,-1
-0.028633448786875623,,-1
-0.00563174889347866,,-1
0.004727687177894418,,-1
-0.0025229109919624446,,-1
-0.055601357832131784,,-1
0.03306824343016074,,-1
-0.037666528201573006,,-1
-0.022821562821144552,,-1
0.02865166458351541,,-1
0.0373856183847916,,-1
-0.00026353085020029975,,-1
-0.009268424705547397,,-1
-0.011169572123263229,,-1
0.008438709719923039,,-1
0.010548574029787455,,-1
-0.024450231441494465,,-1
-0.01987557991010586,,-1
-0.023804772881902754,,-1
0.004300102145810355,,-1
0.014386764125243671,,-1
-0.0025689161153716884,,-1
-0.030491504760532768,,-1
-0.05889257592377928,,-1
0.006667356860940605,,-1
0.01788617693906648,,-1
-0.023186360392423295,,-1
0.03469114225507604,,-1
-0.010170746519424234,,-1
0.012952874883383427,,-1
0.013941750807965662,,-1
0.01382108027651226,,-1
0.003407767519555522,,-1
-0.022651765290313396,,-1
0.012249718443588468,,-1
-0.015954042490484068,,-1
0.031728281705797994,,-1
0.0016200401864327502,,-1
0.016889340106838638,,-1
0.0035231440296382673,,-1
-0.006572898828037628,,-1
-0.027231020213868886,,-1
0.02445070351381143,,-1
-0.0752974846906675,,-1
0.0011998872662869363,,-1
-0.06543828044981219,,-1
-0.007148284199567618,,-1
0.07841678850604739,,-1
0.0025307423976193622,,-1
-0.009861309980205745,,-1
-0.01596733155501617,,-1
0.034414880572748996,,-1
-0.029468696652990834,,-1
0.04606074299916792,,-1
0.0007247336859796566,,-1
0.03193660879218923,,-1
0.011856599179389722,,-1
-0.00020786916442353133,,-1
-0.002777827136196158,,-1
0.01099629934609463,,-1
0.024191024592177767,,-1
-0.009511482891791627,,-1
0.0051381464697826,,-1
0.011664611682945003,,-1
-0.01659928185212023,,-1
-0.02240815756843275,,-1
0.010546827247355605,,-1
0.021571984448984265,,-1
-0.010388618031180555,,-1
-0.02249279011120275,,-1
0.042299397172475245,,-1
0.1,,-1
-0.005896549853319202,,-1
0.021137811977085443,,-1
0.011221838166735719,,-1
-0.003922279836299252,,-1
-0.02440227038400726,,-1
0.005693460743805942,,-1
-0.00924595338467451,,-1
-0.004533962124789401,,-1
-0.005894520608639469,,-1
-0.000731778219454196,,-1
-0.008883689076003464,,-1
-0.0012930402919356225,,-1
0.001662213998878857,,-1
-0.015623181129186373,,-1
0.011493158731609363,,-1
0.016722772387991542,,-1
-0.0029810956663801126,,-1
-0.008074691382853409,,-1
-0.00838859863553539,,-1
0.005127878764954134,,-1
0.030883575038257165,,-1
0.02297588719841705,,-1
0.007272360791951415,,-1
-0.01978745887704893,,-1
0.0027749599492422413,,-1
0.014458735998978164,,-1
-0.000872099856652381,,-1
0.00839860845966674,,-1
-0.018629975175372352,,-1
-0.024930545998425858,,-1
-0.033760246374938636,,-1
0.006831330442902042,,-1
0.023670296335647358,,-1
0.0038609075498746612,,-1
-0.01053227687797572,,-1
0.011795828136877674,,-1
0.00832413795662623,,-1
-0.010853024326417778,,-1
-0.0019309882600934305,,-1
0.006862463710501185,,-1
0.011986136491342959,,-1
0.03208211047280139,,-1
-0.003795969456452347,,-1
0.014189606984272933,,-1
-0.001705769414523823,,-1
-0.00450589896219293,,-1
0.015035344501328624,,-1
0.001350458481673974,,-1
-0.0017448374655984098,,-1
0.008917414732872614,,-1
0.0030661390921578394,,-1
-0.0043511872265071415,,-1
-0.000503257414410524,,-1
-0.002800764031986874,,-1
0.01756974266828522,,-1
0.012814415733098952,,-1
-0.006551068952745776,,-1
0.056847985455968905,,-1
-0.00920084084848197,,-1
0.01703522724027634,,-1
-0.007110346660534673,,-1
-0.0019147979094158805,,-1
-0.0025936559870136343,,-1
0.015154986522568858,,-1
-0.008167550934029388,,-1
-0.02142655841569656,,-1
-0.0012128323508630318,,-1
-0.004706684114541253,,-1
-0.0016445062057431946,,-1
-0.036772874398920796,,-1
-0.004471732116796617,,-1
0.03019303895117988,,-1
0.003857938410764139,,-1
-0.009079043673922626,,-1
-0.014021208648016918,,-1
0.011427459281294378,,-1
0.002701624576353647,,-1
-0.024305421105022637,,-1
0.0010498026301200088,,-1
0.017790696945662342,,-1
-0.011568894494562816,,-1
0.004490551297289417,,-1
-0.030739227319686525,,-1
-0.07802093486885135,,-1
0.020202832749162517,,-1
0.003991698557315207,,-1
0.0009511467056867683,,-1
0.029386463405279575,,-1
0.008444144447609122,,-1
0.018588494181860406,,-1
-0.017330927547343864,,-1
0.01378708236928179,,-1
0.021517152943300782,,-1
0.041481258741458825,,-1
-0.002861003306881136,,-1
-0.005266786489494705,,-1
0.010875325510750445,,-1
0.008458655889423503,,-1
0.007609369675294372,,-1
-0.019715402672018035,,-1
-0.006268359755261634,,-1
0.009757230625009347,,-1
0.01830117719616315,,-1
0.0,,-1
0.010309388031173396,,-1
0.011218957926314823,,-1
-0.004065193990346443,,-1
-0.0032638917727982305,,-1
0.017470142564782146,,-1
0.01751546337596425,,-1
-0.007426582543713243,,-1
0.01792715755545393,,-1
-0.004696901970410712,,-1
-0.0003433704922176612,,-1
-0.010058186783711683,,-1
-0.005067248959685701,,-1
-0.012126221964997517,,-1
0.019766940949785268,,-1
0.00019781952825745724,,-1
0.011301610504733934,,-1
-0.01948887326922133,,-1
-0.004794485108157723,,-1
-0.01925816510853437,,-1
0.005598222887506048,,-1
-0.014363675349822708,,-1
-0.007752691865371855,,-1
-0.01943749983365916,,-1
-0.03933081796204927,,-1
0.015181572738832286,,-1
0.0034627207240996165,,-1
0.026699535553592533,,-1
-0.01222205026200474,,-1
-0.013290122847259703,,-1
0.01647900256880724,,-1
-0.04748825311286017,,-1
0.01589889678414883,,-1
0.0060605099509543035,,-1
0.013356407482702937,,-1
-0.012757696649751552,,-1
-0.0014154921051272183,,-1
-0.008260591709091668,,-1
-0.02384836084606966,,-1
0.014576748506220575,,-1
0.005198221494038333,,-1
0.002533980842577972,,-1
0.02074519399523398,,-1
0.0005386407832124226,,-1
-0.017823657294595053,,-1
0.02570970034687061,,-1
0.019892811390278042,,-1
-0.01802425829726976,,-1
0.006750908316189464,,-1
-0.013816148772716596,,-1
0.01238465344516767,,-1
-0.005426121547669701,,-1
-0.0014945420755528328,,-1
-0.005195542383566544,,-1
0.009938766857494131,,-1
0.0003188901603994967,,-1
0.010574213968485395,,-1
-0.0011050524055528058,,-1
-0.016509906313418355,,-1
-0.030102967814407744,,-1
0.008349971613661685,,-1
-0.014824804926354716,,-1
-0.01685323217872813,,-1
0.005518363337366981,,-1
-0.012828954984469088,,-1
-0.006906532154481342,,-1
0.02700907679059173,,-1
0.005947262832343909,,-1
-0.0042762682293585414,,-1
-0.010799415301991307,,-1
0.011745193886035746,,-1
0.001000107249898313,,-1
0.02284436786283815,,-1
-0.004952706616327011,,-1
0.030149748658327962,,-1
0.0034880300412883924,,-1
0.0044218092146232945,,-1
-0.024134743376769942,,-1
0.02082020061034044,,-1
-0.03988713305051675,,-1
0.020679801639386725,,-1
0.0012347407821485868,,-1
0.008069175867064899,,-1
0.008004422861195824,,-1
-0.00047543372252897945,,-1
-0.0056148321259888775,,-1
0.017899787732525436,,-1
0.010226817287717432,,-1
0.005665112531913688,,-1
-0.002056300785761412,,-1
-0.014357378231905998,,-1
-0.005916714774536598,,-1
0.0022032070422056812,,-1
-0.00646604095628982,,-1
0.025308535312478238,,-1
-0.00660365560271116,,-1
-0.00020713070594264001,,-1
0.01004518169721545,,-1
0.011719708531926214,,-1
0.009679581659308132,,-1
-0.009122488920321883,,-1
0.0021242806098834004,,-1
0.004486581265869806,,-1
0.004866926088899348,,-1
-0.004112852609998356,,-1
0.015113668699884208,,-1
-0.0017838216036416622,,-1
-0.009667620901500399,,-1
-0.00441629967364321,,-1
-0.000553498332222632,,-1
0.003265844946328168,,-1
0.00844127929517549,,-1
0.0014414184083055106,,-1
-0.0023370694685993436,,-1
0.006895980249137868,,-1
-0.027620079468615145,,-1
-0.013508811353270051,,-1
0.01943781581571151,,-1
0.0023719398569721087,,-1
0.020505058786257628,,-1
0.017427522665108264,,-1
0.001164140884965461,,-1
-0.000582012825628109,,-1
-0.005154305313008747,,-1
0.01293275824984169,,-1
0.0014909098252042568,,-1
-0.01789107720056839,,-1
0.0041010151492995575,,-1
0.02183049040672827,,-1
-0.005305207680951703,,-1
0.018658347698611553,,-1
0.0021613188229716246,,-1
0.010087031504279496,,-1
0.01420952598418814,,-1
-0.0011001126399056158,,-1
0.017501825702620745,,-1
-0.012926371686181314,,-1
0.009495463494387228,,-1
0.0027997807911648636,,-1
0.0016668586972332913,,-1
-0.0031560048380280866,,-1
-0.000542070589613283,,-1
-0.007073718405839623,,-1
-0.008316167907551719,,-1
-0.014186612093418127,,-1
0.013498126961959376,,-1
0.02467128348796032,,-1
-0.0633355606623633,,-1
-0.03704501026520731,,-1
0.011228913026814193,,-1
0.027246818530973084,,-1
0.0013333931960989118,,-1
0.0035158337817893515,,-1
0.006994800196041192,,-1
0.003431973732597989,,-1
-0.02793744303074404,,-1
0.0170837579182563,,-1
0.011229131012977544,,-1
0.004867510376946714,,-1
0.01676052656620978,,-1
-0.0014243924490867266,,-1
-0.013470327412408344,,-1
-0.020718245181831837,,-1
-0.04605333704269492,,-1
-0.019875330705501296,,-1
0.0021829083927730206,,-1
-0.03851107841283523,,-1
0.014232931444764972,,-1
0.02041665648656396,,-1
-0.05520189088162705,,-1
0.03108950997944746,,-1
-0.03497023918318631,,-1
-0.02228042527777709,,-1
-0.06614111658342604,,-1
0.04999753917777496,,-1
-0.045641099331052495,,-1
-0.09720954855354948,,-1
0.09744446029238776,,-1
-0.1,,-1
0.023086069158449483,,-1
-0.01660056465238218,,-1
0.04112677133059707,,-1
-0.022453690708777736,,-1
-0.010945986152125584,,-1
0.08339239058229003,,-1
-0.030078760193308473,,-1
0.04463253849740201,,-1
-0.04092658220000416,,-1
0.05677916465484624,,-1
0.005109027945909773,,-1
-0.044124807679421216,,-1
-0.008873769718557611,,-1
-0.025676054129450822,,-1
0.07115247345383807,,-1
0.019618940404620384,,-1
0.03177095024193832,,-1
0.005207892603617435,,-1
-0.0022859729827065505,,-1
0.019152978719088033,,-1
-0.0067578667485042,,-1
-0.0040767328219723864,,-1
0.016822303405806954,,-1
-0.005594871655150779,,-1
-0.04263763024232916,,-1
0.06505065726516747,,-1
0.015514235801233636,,-1
0.026334223551673076,,-1
-0.013613484767306078,,-1
-0.024784651325211418,,-1
0.059842826590052425,,-1
0.05275719094918666,,-1
-0.011990785201683146,,-1
0.014673853008582252,,-1
0.008779558482516757,,-1
0.006738323540891332,,-1
0.013294304646143288,,-1
0.005146420238582173,,-1
0.0039008382038449893,,-1
-0.014553150275378774,,-1
-0.024085946587977372,,-1
0.008302819198229956,,-1
0.019488662720030175,,-1
0.010894535979274382,,-1
0.017160538574028585,,-1
0.0586046334926657,,-1
0.006155628579027574,,-1
0.015097963860063488,,-1
-0.011603487882472993,,-1
-0.013265896771015029,,-1
-0.01619037760328472,,-1
-0.0016424297213916022,,-1
0.029849106268177678,,-1
0.0034866537480142314,,-1
-0.011061337835912977,,-1
-0.016957426841239902,,-1
0.01960420810273973,,-1
0.0027262531845144576,,-1
0.030933987838493555,,-1
-0.008161536519512107,,-1
-0.05335632671834558,,-1
0.018322352702311744,,-1
0.017003964609272754,,-1
0.013457404700536751,,-1
-0.000509309518997476,,-1
0.0017392826592912945,,-1
0.012006907433279706,,-1
0.0017991905348065385,,-1
0.012545225685347348,,-1
-0.03452239102779644,,-1
0.007068495186358044,,-1
-0.08682636807014678,,-1
0.020883767136107935,,-1
0.02872597251502465,,-1
0.045119725761194926,,-1
-0.01753871375389675,,-1
0.028965484530138894,,-1
0.0024109927038188754,,-1
0.011229555229364882,,-1
0.003769948948450029,,-1
0.0023284877914705906,,-1
-0.02508020309796159,,-1
0.0030496472938172075,,-1
0.0022915711310400686,,-1
0.0027015950557755697,,-1
0.004555280533559475,,-1
0.013909285871272232,,-1
-0.015066850338552958,,-1
-0.007807151697301068,,-1
-0.03077676122846943,,-1
-0.008158741192179837,,-1
0.01202049597495035,,-1
-0.014581093298415481,,-1
0.013681271128345524,,-1
0.005173373356254269,,-1
0.07857861163527727,,-1
-0.006763793680465766,,-1
-0.008489697528108487,,-1
-0.0028460534103605804,,-1
0.06285132947836214,,-1
0.011841484503788439,,-1
-0.020473349009553797,,-1
-0.026468834470385977,,-1
0.014573333552183054,,-1
0.005410427561808232,,-1
-0.00022959557640073264,,-1
-0.0003061310111677317,,-1
0.004507889382505883,,-1
0.0009526049358485524,,-1
0.024154874846386527,,-1
-0.007462627502029359,,-1
0.016270877255195357,,-1
0.03415702170660039,,-1
0.07901754340879077,,-1
-0.03580832249359653,,-1
0.00149946497477633,,-1
-0.0015676949820350263,,-1
0.007610784837037045,,-1
0.023615579618068396,,-1
-0.038345819153933695,,-1
-0.029243022662964344,,-1
-0.041783342666829947,,-1
0.00939661325019371,,-1
-0.020782928200772842,,-1
-0.00553580221385127,,-1
-0.0017268891033230575,,-1
0.02328491554805084,,-1
-0.03321570546004727,,-1
-0.03357190735382624,,-1
-0.009027337141533882,,-1
-0.017496745563322962,,-1
0.026249262668185808,,-1
-0.022749252883202287,,-1
0.0020457792695764867,,-1
0.020978293650296794,,-1
0.007817990558562126,,-1
0.019167118513083174,,-1
0.000420274710454995,,-1
0.01789912190473828,,-1
-0.025411066396405554,,-1
0.01795728549403751,,-1
-0.022893770973864237,,-1
-0.0020897490945528674,,-1
0.021614945626145316,,-1
0.0026127059273991053,,-1
0.041842364517024076,,-1
0.0014134510934034898,,-1
-0.0157680355023605,,-1
-0.018940602334347273,,-1
-0.0029664011413662356,,-1
-0.017181393719501625,,-1
0.02329208020421611,,-1
0.0409000059736633,,-1
-0.0021909152812781747,,-1
0.023699341975285716,,-1
-0.027337688056986168,,-1
0.022056625839590442,,-1
-0.05671615721905467,,-1
0.04799445544135995,,-1
-0.06517718823646824,,-1
-0.00667352075089861,,-1
0.014962456489367433,,-1
0.07994439542950228,,-1
0.02508442094141377,,-1
-0.004319002477783959,,-1
-0.051184016033715654,,-1
-0.023005371962909575,,-1
0.01475691952915501,,-1
-0.0050765243804070746,,-1
0.006775120218638661,,-1
0.007231219517381531,,-1
-0.014297289718810146,,-1
-0.011079185419533703,,-1
0.0035600586649210744,,-1
-0.011941779300137213,,-1
-0.004719865963691128,,-1
0.031138538065300696,,-1
-0.004814499045038084,,-1
0.008023024353219122,,-1
-0.003028209822170988,,-1
0.0340040784310688,,-1
0.0033793310526204607,,-1
-0.01991765404649268,,-1
-0.007657031985482335,,-1
0.02080424249036595,,-1
-0.007662905028036974,,-1
-0.01952602800999774,,-1
-0.0028825051925907125,,-1
-0.012966398537352824,,-1
0.002336983835621517,,-1
0.004947765740522029,,-1
0.00043552239960350917,,-1
-0.004326052007038735,,-1
0.006970567189952948,,-1
-0.013146722706702496,,-1
-0.021116708094139132,,-1
0.0038117206349089403,,-1
-0.002651691862880316,,-1
0.03527199220721259,,-1
-0.0007947666353342866,,-1
-0.017898980260543776,,-1
0.004733975798069033,,-1
-0.015569541153194979,,-1
0.007519738411947069,,-1
-0.028675987618973126,,-1
0.020412213758490706,,-1
-0.004363085367161056,,-1
-0.040927816420946554,,-1
-0.022642005459110246,,-1
0.0021880687784497995,,-1
-0.02413242692532853,,-1
0.023019215968105602,,-1
0.03801714046909358,,-1
0.024141482520183038,,-1
0.019950655359745998,,-1
0.005955732689728552,,-1
0.012705842162998965,,-1
0.014427232464259773,,-1
-0.035767804952073115,,-1
-0.02658663788996377,,-1
-0.02549217522799355,,-1
0.014144864932329262,,-1
0.019165534111156773,,-1
-0.0016111295421012018,,-1
-0.0006001586692505348,,-1
0.006023266176764634,,-1
-0.0056856758352832205,,-1
0.01070836815475635,,-1
0.008941113305300608,,-1
-0.005458511080702629,,-1
0.000406796553247968,,-1
0.012746377143739546,,-1
-0.0014608250342232358,,-1
-0.015397601149548187,,-1
-0.029496485969416904,,-1
-0.004713521837982121,,-1
0.021019677163955343,,-1
-0.005847073297695485,,-1
-0.03707559979941752,,-1
0.011438543916556217,,-1
0.027904496506854778,,-1
-0.022562025107096473,,-1
-0.013958073491082764,,-1
0.008693255002888506,,-1
0.025445919125240517,,-1
-0.03453076982057428,,-1
0.04003984614294469,,-1
-0.003165970035492827,,-1
0.033337837096479854,,-1
-0.020211761628056314,,-1
0.01973679660739348,,-1
0.01999979975971303,,-1
0.016794423792773815,,-1
-0.019160676306359554,,-1
0.04041136532348912,,-1
0.011753904305172107,,-1
-0.009963102087471636,,-1
-0.029647310267417536,,-1
-0.012124242937056063,,-1
0.015238102082458118,,-1
0.02718712377812985,,-1
-0.009744064486145662,,-1
0.02242030868005194,,-1
0.013924828315497668,,-1
0.03374426359962227,,-1
-0.008615374085133628,,-1
0.02205608202798584,,-1
-0.00022351959224611127,,-1
-0.0017907444233819956,,-1
-0.0029485785538065227,,-1
-0.00572979430625299,,-1
-0.02265939152056471,,-1
0.016376480145557894,,-1
-0.005341858554896483,,-1
-0.012951929500430455,,-1
0.0013556508025453378,,-1
-0.003906512093062062,,-1
-0.016555795562844436,,-1
0.015427539276176194,,-1
0.006322670699917166,,-1
0.0017472576837940187,,-1
0.011561437933151628,,-1
0.07043308701262062,,-1
-0.01353546657439411,,-1
-0.007719974433052948,,-1
-0.013168472358816205,,-1
-0.010546503336994011,,-1
0.01574722292847359,,-1
-0.002941614745755683,,-1
-0.04195474970787293,,-1
0.0018285931539678236,,-1
-0.013068978985469064,,-1
0.008917189556548553,,-1
0.034388488253881105,,-1
-0.0015204765426878309,,-1
-0.017588652876090356,,-1
0.011643073423734936,,-1
0.015881551515767145,,-1
-0.007498001425493543,,-1
0.026216290601347458,,-1
0.009687124876947685,,-1
-0.00039683436971342837,,-1
0.015415053145835692,,-1
-0.01215475039436696,,-1
0.0012160384771073107,,-1
6.0781796776337725e-05,,-1
-0.009493448444580074,,-1
0.013132495681372381,,-1
0.018683118175508426,,-1
-0.00865332055695768,,-1
-0.010332546269705404,,-1
0.006669523133390216,,-1
-0.003615817268046855,,-1
0.01649661925472522,,-1
-5.9315206866884934e-05,,-1
-0.016980987049990834,,-1
0.016268199429692508,,-1
-0.020566251489494248,,-1
0.007946351600449273,,-1
0.020080400165727038,,-1
0.004590855686852052,,-1
0.007575647400760733,,-1
-0.005288188949567063,,-1
0.040952078414180096,,-1
-0.010600216927294829,,-1
-0.011949905947380218,,-1
0.019029129634374066,,-1
0.0008744801749563159,,-1
-0.005427890881134033,,-1
-0.0065124417778009,,-1
-0.013905477686017178,,-1
0.013705724054010712,,-1
0.007788908038069755,,-1
-0.0030345143690810273,,-1
-0.012747997853189048,,-1
-0.009160811131313475,,-1
-0.009626372209128745,,-1
-0.01241708610358021,,-1
0.013881569982277516,,-1
0.013287295470124388,,-1
0.01422401910383255,,-1
0.05160798154152915,,-1
0.00719407070556621,,-1
-0.012563049499919312,,-1
0.014762425386857824,,-1
-0.04090230016750225,,-1
-0.005653437869112521,,-1
-0.012283951197554262,,-1
-0.0020194664836476676,,-1
0.021629900353533914,,-1
0.011220679714040348,,-1
0.001486453708324217,,-1
-0.005240497577458754,,-1
-0.0013281483818088067,,-1
-0.003245123223814281,,-1
0.007445228216628187,,-1
0.0014604339754500275,,-1
0.00926367785099399,,-1
-0.02237303558333074,,-1
-0.00840458066345686,,-1
-0.0009288812346544449,,-1
0.011896656950322099,,-1
0.011014147557833056,,-1
0.005927006028437377,,-1
0.007848671968229283,,-1
-0.010944864361419466,,-1
0.0223886295364143,,-1
0.021320555306665438,,-1
-0.0033683209669285214,,-1
0.007013177551388526,,-1
-0.01787911880793004,,-1
0.002608071578850619,,-1
0.015611235643661115,,-1
-0.01213559108578145,,-1
0.001138173120935225,,-1
0.0018237264629703614,,-1
-0.005773181505181757,,-1
5.288836589395474e-05,,-1
-0.006955673671385688,,-1
-0.002302688676728917,,-1
-0.02260929659426369,,-1
-0.025042337992416754,,-1
0.00499187243458247,,-1
-0.04073702535934776,,-1
0.0079807540933585,,-1
0.02003149903690364,,-1
0.0017550120524596111,,-1
-0.03725419714191846,,-1
-0.0030578087832571457,,-1
-0.0006478351178950556,,-1
0.010609774397821086,,-1
-0.05015686501582653,,-1
0.020419533260720702,,-1
0.002040327143445595,,-1
-0.013336451732692068,,-1
0.0025180518652777,,-1
-0.014035581981150227,,-1
-0.005175324116561516,,-1
0.002375471083392559,,-1
0.012219234587647109,,-1
-0.011541482611912481,,-1
0.03205834952600599,,-1
0.013771062010437693,,-1
0.002321160072428648,,-1
0.0032226218039147596,,-1
-0.05183535908501988,,-1
0.012490686922164214,,-1
-0.039974275796998374,,-1
-0.011432788348601848,,-1
0.014941380851135907,,-1
0.020765943838204994,,-1
0.019616775590489938,,-1
-0.005774816213978529,,-1
0.010732343285467696,,-1
0.012674885332341656,,-1
0.015599018344039168,,-1
-0.007385180106615103,,-1
-0.00964392965793709,,-1
-0.02331899515928057,,-1
0.0003050661971817736,,-1
0.03933922591576305,,-1
0.019377608317690476,,-1
-0.013323561579364743,,-1
-0.00640604880780844,,-1
-0.0061224699504500504,,-1
0.019328192186930177,,-1
-0.012501481491911725,,-1
-0.011087577835199874,,-1
0.011234006993732995,,-1
-0.023555619482711558,,-1
0.014631790079908776,,-1
-0.040972274651680546,,-1
-0.0436564465483807,,-1
-0.0006762854245482004,,-1
-0.011503286080463446,,-1
0.03531617116286522,,-1
0.01542132338206642,,-1
0.023724332051151494,,-1
-0.00224093806982031,,-1
-0.00021236678292467894,,-1
0.014271926481154643,,-1
-0.0022445975937872274,,-1
0.02345390967317339,,-1
-0.01998419501875509,,-1
-0.003319727698582741,,-1
-0.025303457575993865,,-1
0.026531049939887766,,-1
-0.011284290099472315,,-1
0.014391154034121138,,-1
0.03211225310270252,,-1
0.0001154844344731908,,-1
-0.009518864629016735,,-1
0.004132136404696449,,-1
-0.023535341889592994,,-1
0.006490140210149487,,-1
-0.005955247491063846,,-1
-0.03741914201079701,,-1
0.025251359301053936,,-1
-0.0020171040550057942,,-1
-0.011275202518675963,,-1
0.01902103698808971,,-1
-0.0033252749230810647,,-1
-0.020554098891703263,,-1
0.016464882707727356,,-1
-0.04231060541050412,,-1
0.0045158968911321005,,-1
-0.009526292335488283,,-1
-0.043218909918633176,,-1
0.01810847715565914,,-1
-0.02811984260390406,,-1
-0.01856195264079907,,-1
3.389785429519024e-05,,-1
0.023711947214707946,,-1
0.03756722694040293,,-1
0.01815753133372929,,-1
0.012461433686337514,,-1
-0.1,,-1
-0.002822040880511273,,-1
-0.052739408985308996,,-1
-0.021255000715518196,,-1
0.052291981206513474,,-1
-0.0170847158560602,,-1
-0.038072642980308075,,-1
-0.008462059709488911,,-1
0.015044763681163238,,-1
-0.020387557298899156,,-1
-0.04163229760708616,,-1
-0.007490299072483315,,-1
-0.019988828342175354,,-1
-0.01812652269587037,,-1
0.045075995783051354,,-1
0.013777456577244033,,-1
0.0026097568746091832,,-1
-0.036383538741171076,,-1
0.02244984875865149,,-1
-0.02500850328171994,,-1
-0.014441029634435,,-1
-0.0649983644771106,,-1
0.014930270422548084,,-1
0.042239945845734025,,-1
-0.016713060886233616,,-1
-0.039710598280615766,,-1
-0.005237395017945509,,-1
0.028523606358332138,,-1
0.05865308386555624,,-1
0.020463957775739772,,-1
0.04077573172244269,,-1
-0.02336657381553844,,-1
0.02410536347221615,,-1
-0.014833714250461873,,-1
0.02822160932188519,,-1
0.010195284881943807,,-1
0.007947771202732875,,-1
0.027656322436913704,,-1
-0.008782938386418125,,-1
-0.024389703942757784,,-1
0.011135846199035087,,-1
0.039417354639079805,,-1
-0.008803583494889142,,-1
-0.037531183476551384,,-1
-0.0015686632040733863,,-1
-0.0027847346998655007,,-1
-0.026757009672617245,,-1
-0.010775707476770138,,-1
0.003961495674844828,,-1
-0.02262731972913906,,-1
0.0028032568645847936,,-1
0.030557394686410007,,-1
-0.08090969412084464,,-1
-0.06360091799842241,,-1
-0.021280970425960142,,-1
0.015521867834067548,,-1
-0.032834339222169155,,-1
-0.03372058776562968,,-1
0.1,,-1
-0.025899937358897965,,-1
0.05180947670827708,,-1
0.004253625897138956,,-1
0.052280863429744154,,-1
-0.07012529501635338,,-1
-0.021891417770953134,,-1
-0.0378062142494244,,-1
0.007312103519973051,,-1
-0.0461273707886549,,-1
0.013158739584190327,,-1
0.037864219854336516,,-1
0.007124005547644159,,-1
0.012814958371321284,,-1
-0.05258788677523818,,-1
-0.004953965477541116,,-1
0.011693679511654467,,-1
0.013803158982595199,,-1
-0.07924467591287354,,-1
0.013968661085280758,,-1
0.04155511138177106,,-1
0.018099585358225753,,-1
-0.007665137555505247,,-1
-0.02616041246163563,,-1
0.05276056221551084,,-1
-0.04148000043575087,,-1
0.018025023449005122,,-1
0.007181206583759889,,-1
0.005047565475961509,,-1
-0.06643915007840333,,-1
-0.046897755549837224,,-1
-0.06658742167307578,,-1
-0.0032317961714832034,,-1
0.03374890604732861,,-1
-0.05137097787766334,,-1
0.01768316359652089,,-1
-0.04171563016275945,,-1
-0.007670154891591296,,-1
0.018436629696321608,,-1
0.06940856812982056,,-1
-0.0039452854678204185,,-1
-0.0533791180818751,,-1
0.020085761815800237,,-1
-0.01654474805020202,,-1
-0.007594631169338194,,-1
0.04973308200870655,,-1
0.009350414973665181,,-1
0.014153851936992153,,-1
-0.007636996986812196,,-1
-0.04794790950224822,,-1
0.0023916575635024267,,-1
0.0013466571551381107,,-1
-0.03384050634540197,,-1
0.04121417851161211,,-1
0.015244390298331741,,-1
0.04986312110621888,,-1
0.04074463142175899,,-1
0.000436889213163863,,-1
-0.07891940779341294,,-1
-0.015599613368053959,,-1
-0.04604852493293968,,-1
0.06347765465255154,,-1
-0.053660970308539106,,-1
-0.010130799476404665,,-1
0.00520303888534772,,-1
0.0016245679900428673,,-1
0.05235399680354166,,-1
0.010431272738449095,,-1
-0.02049352677834373,,-1
0.01861570625056526,,-1
-0.01015417005579606,,-1
0.05657802594092611,,-1
-0.004777642302539554,,-1
0.01681642603177598,,-1
0.002158441138468237,,-1
-0.007880999974491591,,-1
-0.026079685636741436,,-1
-0.0010873717412131227,,-1
-0.039115168615724075,,-1
-0.029668989657422314,,-1
-0.011969646691534327,,-1
0.01325675790767472,,-1
0.0332520471227875,,-1
-0.042358543785469084,,-1
-0.016264724779372238,,-1
-0.012708459500363293,,-1
0.03605621186250443,,-1
0.014804463751743237,,-1
-0.030953076750678342,,-1
-0.011165192836293627,,-1
0.011601561664368694,,-1
0.010358296272551998,,-1
0.0428193482537689,,-1
-0.0011238525152514273,,-1
-0.09837472293367439,,-1
-0.010899738011061998,,-1
-0.012756773031999407,,-1
-0.022039902024130646,,-1
0.011756467719358895,,-1
-0.013124521403689113,,-1
-0.027551086980406727,,-1
0.004913327950738794,,-1
-0.017018365811748655,,-1
-0.02919518028469579,,-1
-0.014551316662228066,,-1
0.05225661905104613,,-1
-0.03741194183228531,,-1
-0.005365838352290803,,-1
0.021365233870293092,,-1
0.011976089431193783,,-1
-0.009310519680476484,,-1
0.0006475507716131189,,-1
-0.0412505949337552,,-1
0.0025445683808779395,,-1
-0.04003135130613705,,-1
-0.008123758646882168,,-1
0.021646304310752738,,-1
-0.027467106886529178,,-1
0.05584261448072168,,-1
-0.009294036288744091,,-1
0.003232952448959624,,-1
-0.012842069294371998,,-1
-0.011623626159286441,,-1
-0.002232899383037958,,-1
0.058318238106973085,,-1
-0.057547897210216754,,-1
-0.1,,-1
0.012782883279446154,,-1
-0.06281947995687552,,-1
0.021661330667715636,,-1
-0.05018807889026074,,-1
-0.018167092951656177,,-1
0.020924524394039946,,-1
0.0632711198159788,,-1
-0.0025881514304939442,,-1
0.050531193910903514,,-1
0.09757415823953954,,-1
0.010227366765436117,,-1
0.010561663979639244,,-1
0.02473101200295295,,-1
-0.0334364021296404,,-1
-0.01584510754937917,,-1
0.005369163854446511,,-1
-0.019738340240679254,,-1
0.014279558235326114,,-1
0.0071530226412273735,,-1
-0.007422270085908153,,-1
-0.023889659367788488,,-1
0.00623164379391508,,-1
0.07597251996749285,,-1
0.01962005317557339,,-1
0.02500838743022336,,-1
-0.008620647435117626,,-1
-0.07028880245296794,,-1
-0.001666306415648385,,-1
0.012213166489238458,,-1
0.004930247465318871,,-1
-0.010320566422370277,,-1
0.04633385684935122,,-1
0.011913678477253886,,-1
-0.045772173543404474,,-1
0.027847842870052122,,-1
-0.04233017730191506,,-1
0.0225425473146886,,-1
0.022546962869044635,,-1
-0.022290709222457294,,-1
0.007824581640913632,,-1
-0.00987586023590929,,-1
-0.010838743746204672,,-1
0.03934709644176333,,-1
0.0006649389484036921,,-1
0.035910552987001534,,-1
0.020864720599242458,,-1
-0.0033817030607136574,,-1
0.023973848081693866,,-1
-0.004239118317217241,,-1
0.026824685045707487,,-1
-0.0007522030146900322,,-1
0.02834007307663777,,-1
0.001973038779707084,,-1
-0.011897051811699106,,-1
-0.01743823710707145,,-1
0.023257640208711218,,-1
0.02337493005392344,,-1
0.02759876084466069,,-1
-0.0009077273321292306,,-1
-0.011523403352552076,,-1
0.040171702884468065,,-1
0.029697063726983313,,-1
-0.031327873429099,,-1
0.012904126844945397,,-1
0.027477012207588566,,-1
0.1,,-1
-0.011937315256769006,,-1
-0.0025228609386181476,,-1
0.029445000526213246,,-1
-0.04368124290984128,,-1
-0.030498992413978878,,-1
-0.021417030039694612,,-1
0.029868188020181867,,-1
0.0002785298420176728,,-1
-0.013010345889447392,,-1
-0.027003914972275493,,-1
0.0025482901610367863,,-1
-0.004638306821063083,,-1
-0.005594319121244283,,-1
0.005361954185442831,,-1
-0.009637054511489274,,-1
-0.005001204876220028,,-1
0.031354219405687805,,-1
-0.008726686541278521,,-1
0.0063803074698195895,,-1
0.059609664022880336,,-1
-0.0018911685335956268,,-1
-0.002111497493922754,,-1
0.002489950974688731,,-1
-0.017891633095157747,,-1
-0.01207107097343753,,-1
0.007713465365339287,,-1
0.07001687539059463,,-1
0.019042394307560263,,-1
0.03566489961113548,,-1
-0.04654561224728951,,-1
0.011184166771576886,,-1
0.021752333097642875,,-1
-0.011692375385392303,,-1
0.022124549595052962,,-1
0.008433199525621188,,-1
-0.015507295827248566,,-1
-0.010705830809446926,,-1
0.02300415973073859,,-1
0.012052812790815258,,-1
0.01953461228738781,,-1
0.005317609004032736,,-1
0.007714010874152442,,-1
-0.015204445114427066,,-1
0.02161097490987416,,-1
-0.0062669258575305175,,-1
-0.004199565207976597,,-1
0.0007011653911287111,,-1
0.02924104985302454,,-1
0.005160335587505331,,-1
-0.011945252937721584,,-1
-0.00444184146087745,,-1
-0.010101778266647439,,-1
-0.012267727770504581,,-1
-0.0008453194127056682,,-1
-0.0004698987494021932,,-1
-0.024933384978171675,,-1
0.008874056357398423,,-1
0.1,,-1
0.007350502464855791,,-1
0.011830556720712879,,-1
-0.016334635714589842,,-1
-0.009280460698317174,,-1
-0.014919075658903751,,-1
-0.0031739101920677045,,-1
0.002102787412208039,,-1
0.0004285867982505901,,-1
-0.0012433949342793515,,-1
0.011559799454578953,,-1
-0.008432814898398321,,-1
0.02136878775816661,,-1
-0.0001673310321554594,,-1
0.015250297442117368,,-1
0.01782040127274265,,-1
-0.004913910241756047,,-1
0.010851180893506191,,-1
-0.006383049923311298,,-1
0.009960824200229378,,-1
0.013867451417037303,,-1
0.036333843470978275,,-1
0.0018301602783991995,,-1
0.00834533186913778,,-1
0.029369641333653086,,-1
0.0,,-1
-0.004485454166075924,,-1
-0.0009954882109833234,,-1
-0.02812860898383142,,-1
0.0037108743032464924,,-1
0.001397575276337849,,-1
0.022761920616275643,,-1
0.0009957451898845746,,-1
0.007454133321467669,,-1
0.030550907618706668,,-1
-0.0029494076950977843,,-1
0.011780920240023592,,-1
-0.009505825375700732,,-1
0.011438503599607882,,-1
0.01342377687840942,,-1
-0.036181606566453854,,-1
0.030345852511834637,,-1
-0.006149821200747918,,-1
-0.013267408199396178,,-1
0.019173537600965827,,-1
-0.003350781489338863,,-1
0.02877586775787705,,-1
-0.008117939215807177,,-1
-0.0050128813606181875,,-1
0.012213080925397794,,-1
0.014146372956617831,,-1
0.03637485943897821,,-1
0.013071081686455328,,-1
-0.014591886716623927,,-1
0.005650001596690541,,-1
0.004593013976269107,,-1
0.01261060928078694,,-1
-0.043626571851101976,,-1
-0.027683544588178812,,-1
-0.009046559145670508,,-1
0.009759902224763216,,-1
0.01382739994376798,,-1
0.04306888056723994,,-1
0.043227614063929054,,-1
-0.021364620960377438,,-1
0.012817570512467786,,-1
-0.02637424943032653,,-1
-0.003569570326497851,,-1
-0.007885853604057356,,-1
0.018588309757810426,,-1
-0.01246008472651591,,-1
-0.024052466652041752,,-1
0.00173494626415503,,-1
-0.013500729180518293,,-1
0.014971454676472809,,-1
-0.013944228094618224,,-1
-0.025695897916934062,,-1
-0.03176071718031912,,-1
-0.006474925155681279,,-1
0.02320606975956295,,-1
-0.007965453389301474,,-1
0.022825219143044292,,-1
-0.025785025949644484,,-1
-0.004368741177609594,,-1
0.01653496971253974,,-1
0.02628290306068687,,-1
-0.009745584284112286,,-1
0.0026733623725435397,,-1
0.0016545538187287471,,-1
0.012640099532684412,,-1
-0.003270388420387194,,-1
-0.0016725502121023338,,-1
-0.0026150205516484184,,-1
0.03194574619093575,,-1
-0.019369626841304742,,-1
0.011207887860610005,,-1
0.02159696920780453,,-1
-0.03729024707191037,,-1
0.007431568993767909,,-1
0.008294649247804525,,-1
-0.017859414268391514,,-1
-0.013235062180346082,,-1
0.011264187367301247,,-1
0.005834203556728194,,-1
-0.006235423748336746,,-1
-0.004089199144384674,,-1
0.020675378943933606,,-1
-0.012413721695162225,,-1
0.021779127512334375,,-1
-0.019350315940590557,,-1
0.015300615914492648,,-1
-0.0025886809371315645,,-1
0.03431377440741409,,-1
0.009245911657984692,,-1
0.010871938823651906,,-1
0.018410021238939006,,-1
-0.011227462210195327,,-1
-0.029649256146001092,,-1
0.020320289560168972,,-1
0.008835309771782311,,-1
-0.021936472624375907,,-1
-0.013211127508275257,,-1
-0.013388000699546855,,-1
0.017216774446438595,,-1
-0.004660336131002227,,-1
-0.04254979502332032,,-1
-0.038039670668835714,,-1
0.028647823215406126,,-1
0.01978729351302877,,-1
-0.004603133227604214,,-1
0.034515376457238935,,-1
-0.0031474965951145983,,-1
0.01192729123218888,,-1
0.0038070299091289895,,-1
0.009517588572261752,,-1
0.0030063806044476078,,-1
0.0024050753792878984,,-1
0.02532019751225088,,-1
0.0012766651027552181,,-1
0.021398287720242434,,-1
-0.010762068733655154,,-1
0.004438433068095778,,-1
0.002540363632064297,,-1
0.014607303003218853,,-1
-0.008833827238516312,,-1
0.01329494816760446,,-1
-0.009592198026690195,,-1
-0.01049156034976979,,-1
0.01273594703764687,,-1
-0.02023338209377545,,-1
-0.015318461742171108,,-1
-0.007147615909132856,,-1
-0.014887753448387003,,-1
-0.005420345636304092,,-1
-0.0026426699843953715,,-1
0.028385239437450235,,-1
0.01868583205819706,,-1
-0.022705203212902203,,-1
0.027113221217905246,,-1
0.001554545699952281,,-1
-0.004701066964137552,,-1
0.005238898713047746,,-1
0.028550415216607065,,-1
0.016518786806424497,,-1
-0.003087221371828021,,-1
0.013677335539206836,,-1
-0.00197898673259327,,-1
0.0040664003873140345,,-1
0.00841937824400706,,-1
0.001368519582219764,,-1
-0.012242578792786419,,-1
-0.021907416026217163,,-1
-0.005269565168083728,,-1
0.007663552388674322,,-1
0.013818618531746072,,-1
0.01888574001831098,,-1
-0.0034354072124802796,,-1
0.035833129788079426,,-1
-0.0021618739338831834,,-1
0.012954208906573776,,-1
-0.01895046120595543,,-1
0.0024733961039615196,,-1
0.02084706047925968,,-1
0.019274334169601354,,-1
-0.004364711080019333,,-1
0.008918139722208167,,-1
0.014177179589037667,,-1
0.00632760560774985,,-1
0.0024388827987892546,,-1
0.01730489478776845,,-1
-0.002396760630927135,,-1
-0.02510875614281082,,-1
0.011823012052151275,,-1
0.1,,-1
-0.03335062863863453,,-1
-0.01026115501836996,,-1
0.032178054043168904,,-1
0.0008726764057855703,,-1
-0.0040293241319622605,,-1
0.0016862053740878196,,-1
-0.018902248786870388,,-1
0.028199886901077796,,-1
0.022459743943352577,,-1
-0.022375206777790604,,-1
-0.0033225806640968794,,-1
-0.006856329304597346,,-1
0.03794378024603949,,-1
-0.004329191904086181,,-1
-0.004742322589716309,,-1
0.010962211074351564,,-1
-0.006240627713848941,,-1
0.012544397424671878,,-1
0.024526926106434248,,-1
-0.00821594977558205,,-1
-0.016127291380398832,,-1
0.01190312057859047,,-1
0.03193834527728656,,-1
-0.012257837040818429,,-1
-0.04520054074692534,,-1
0.032870625216003646,,-1
-0.008399456144578458,,-1
-0.007575405178930871,,-1
-0.015841539847007407,,-1
0.02625811022250701,,-1
-0.0014900004790355315,,-1
0.01852785874442204,,-1
0.0044213839807259805,,-1
0.0035778474743988478,,-1
-0.012956839467008284,,-1
-0.014275783226091611,,-1
-0.00410207054324856,,-1
-0.0169080349134637,,-1
0.011812651103921766,,-1
0.012177460490643409,,-1
0.018663908963438575,,-1
0.00821494541380075,,-1
0.03163259026621617,,-1
-0.015460065499683838,,-1
-0.004536044119055401,,-1
0.005652202118153072,,-1
0.006385658272415815,,-1
-0.021758172585788934,,-1
-0.023061192241616006,,-1
-0.0009399263529215955,,-1
-0.011248427225380787,,-1
0.015321989077512243,,-1
-0.04218882549333807,,-1
0.0013709603532942496,,-1
0.02939373501414145,,-1
-0.005254625061488311,,-1
-0.1,,-1
0.00431809355973703,,-1
-0.024364538868556298,,-1
-0.0056791738310068675,,-1
0.020751608580293672,,-1
0.005653635361897829,,-1
0.023007887439327846,,-1
0.029905090194724267,,-1
0.005482245257690835,,-1
0.009268512944517566,,-1
0.005949186383262231,,-1
0.0016393958205823855,,-1
-0.017348331642966407,,-1
0.00817148520016688,,-1
0.020328106253611974,,-1
-0.017407833568610868,,-1
-0.00279315510204174,,-1
-0.0065267354975972166,,-1
-0.009020190408200419,,-1
0.006756779570919648,,-1
-0.004284782926284262,,-1
0.026357476570060857,,-1
0.003548681841484588,,-1
-0.01165307488586941,,-1
-0.015530153746821672,,-1
-0.00047118233152393044,,-1
0.02257806294427389,,-1
-0.0010476517804229653,,-1
0.03718342750063984,,-1
-0.0026293493695643587,,-1
-0.0016215856019148405,,-1
0.019366583421740947,,-1
0.00964295165165248,,-1
0.002696086794114122,,-1
-0.00935899201022317,,-1
0.0011114224053663043,,-1
0.0048872349130000894,,-1
-0.014193376831419793,,-1
0.004414832391965593,,-1
-0.013889214752494664,,-1
0.008312608439457478,,-1
0.023160700221758826,,-1
0.004923347356869582,,-1
0.012472520994772883,,-1
-0.029969616754886148,,-1
0.0009117943884386284,,-1
0.009505321002854011,,-1
0.0009024098213913404,,-1
0.057070141417859155,,-1
-0.0198091754023037,,-1
0.0012837764564685493,,-1
0.008810163727419966,,-1
-0.04199630182196671,,-1
-0.02734536375176167,,-1
-0.005446993284734034,,-1
-0.012921653449864165,,-1
-0.058433657970429036,,-1
0.02955944608047925,,-1
0.001973456941770445,,-1
0.022008984845442572,,-1
0.0026432159198573773,,-1
-0.057744831747323665,,-1
-0.017186665515783812,,-1
0.02674486016837894,,-1
2.140198898319354e-05,,-1
-0.0054257160467887314,,-1
0.02481944159211337,,-1
0.04712093233751046,,-1
-0.019475441649334527,,-1
-0.025751727990380543,,-1
0.0378671026548871,,-1
-0.010518804129524089,,-1
0.04148605921223042,,-1
0.01584636082993228,,-1
-0.0035215179556410767,,-1
0.024108675168121492,,-1
-0.003373250207806392,,-1
0.019867280865982044,,-1
-0.01861529673142422,,-1
0.003520393600908433,,-1
-0.0048294345183920295,,-1
0.015877583371021717,,-1
-0.006053726349389854,,-1
-0.007415749874272595,,-1
-0.013115823480366792,,-1
-0.0038839593743683694,,-1
-0.004479199566963529,,-1
0.0027825578463446052,,-1
0.005944931762043863,,-1
-0.018489038680559393,,-1
0.0019131044770667267,,-1
0.008003201470463479,,-1
-0.032624126597426674,,-1
0.00899459890552874,,-1
0.0,,-1
0.013850023465945627,,-1
0.026547921723419618,,-1
-0.00186619377431738,,-1
0.017325936063520397,,-1
0.005684294338158292,,-1
0.003034790479253791,,-1
0.038562513715843454,,-1
0.004016303569376176,,-1
0.005436214770174772,,-1
-0.0019150225973517435,,-1
0.008801194717674234,,-1
-0.0008272383543166906,,-1
-0.0008456357019082797,,-1
0.008913879723708074,,-1
0.007015276047904783,,-1
-0.006369038380001051,,-1
0.017238461824509454,,-1
0.022347327157433157,,-1
-0.018904202126631988,,-1
0.013772989053113987,,-1
-0.004022105327477157,,-1
-0.011376813547818967,,-1
0.010427909071884685,-1.483183223172091e-05,0
0.0007963514857865681,-0.0016988326096907258,0
-0.007053689189330324,-0.0008822688250802457,0
-0.016302155014670333,0.0005372320301830769,0
0.00024272433916108503,0.00030716857872903347,0
-0.0007977593459592561,0.0012970688985660672,0
-0.0022750024524421154,0.0014000504743307829,0
0.01183942611551488,0.0013457635650411248,0
-0.031983260371558485,0.000542116875294596,0
0.0072296647652748715,0.0001192232666653581,0
0.009587820515539719,0.00044321350287646055,0
0.008528732857737982,0.0005309269181452692,0
0.025815885548341518,0.000287733186269179,0
-0.0024977627704874036,0.0007431091507896781,0
-0.04178700167592459,-0.0014113165671005845,0
-0.0007402446860637221,-0.00018445882597006857,0
-0.011491195631536845,-0.0005535543896257877,0
0.020740106155548197,0.0004944736137986183,0
-0.0006640199276481607,0.0011090892367064953,0
0.03377335858743433,-0.0009888348868116736,0
-0.003996521624004184,-0.0005253434064798057,0
-0.010524602491908416,-0.0012354636564850807,0
0.0028255887553049704,-0.0007827822118997574,0
-0.008276194326691603,0.0002374564646743238,0
-0.004908483024000949,-1.9100785721093416e-05,0
-0.040810528238713804,3.6287063267081976e-05,0
0.0005775676602384735,2.6012774469563738e-05,0
0.011994833347134803,0.002237902954220772,0
0.007864270252082159,0.001740987179800868,0
-0.004306081661738448,-0.0009098437731154263,0
-0.007039542833780592,0.0002967268228530884,0
0.010620357191464553,-0.0006814481457695365,0
0.014807173277649025,0.0002563077723607421,0
-0.007595717839604226,-6.185907841427252e-05,0
0.008954973722140628,-0.00040358182741329074,0
0.031720853897557626,7.393614941975102e-05,0
0.03451699895495935,5.2196734031895176e-05,0
0.0002119731276335069,-0.00023750403488520533,0
-0.00793336202589236,-0.0008463087142445147,0
0.02407849866455444,-0.00029123006970621645,0
-0.01648743114148721,0.000771965947933495,0
0.009327826729404024,-0.0002986780309583992,0
0.021342534791140236,-0.0002607944770716131,0
-0.0029917105057466037,0.00085376703646034,0
-0.016689280583761464,-0.00017369295528624207,0
0.007057331794161687,0.0006876192055642605,0
-0.007718870171134206,0.0015505584888160229,0
-0.0365805134931186,5.362700903788209e-05,0
-0.0027164267198960166,0.0018659117631614208,0
-0.01747978380581188,0.008103984408080578,0
0.02464036607404595,0.0032718617003411055,0
0.013084117985694666,0.002127760788425803,0
-0.007266255798922543,-0.0007412892882712185,0
-0.00588441506029862,0.0004514772444963455,0
-0.01439096246685996,0.0006242031813599169,0
-0.009738637250139745,-1.2345899449428543e-05,0
0.023178798352730377,0.0008796729962341487,0
0.008954599775763588,0.0009467615745961666,0
0.041420528148393004,0.001589056570082903,0
-0.019726873863116317,-0.0012331580510362983,0
-0.011671858241949365,-0.006566957570612431,1
0.008381072179487836,-0.00250449450686574,1
-0.012302095908555685,0.0027151128742843866,1
-0.023417434583425056,-0.004084794316440821,1
0.03776336523109619,-0.009508143179118633,1
-0.009475643723718855,0.0022919755429029465,1
0.002401847361975028,-0.005404654424637556,1
0.006003784546504783,-0.01057433895766735,1
0.011355347726643417,-0.0068713342770934105,1
0.02055710872014609,-0.006091473624110222,1
0.017197414498530322,-0.0023220479488372803,1
0.018954683554269842,-0.0060294074937701225,1
0.021661641262212452,0.00334804761223495,1
0.0031980423105282844,0.007632806897163391,1
0.01541657672171503,-0.006949230562895536,1
0.0031681177655128946,-0.0034429379738867283,1
0.011942848573769387,0.0030327015556395054,1
0.009602979068621604,0.0029652041848748922,1
0.00096517394918358,-0.004830557387322187,1
0.010050444433128056,-0.012190237641334534,1
0.003547189131373397,-0.0036005531437695026,1
0.004022696312272059,-0.008456055074930191,1
0.0033396602804957863,-0.00180563994217664,1
0.00772231567495464,-0.0068709771148860455,1
0.004374298685588846,-0.008290502242743969,1
0.011069917666370188,-0.011153954081237316,1
-0.027943094422030846,-0.009356724098324776,1
-0.01774515309852331,-0.014755597338080406,1
-0.012769975759860329,0.0012643244117498398,1
-0.016381893583310946,0.001960605848580599,1
-0.02281703009360917,0.0017934073694050312,1
-0.016038145154719945,0.00884860660880804,1
0.024340377279150924,0.020332882180809975,1
-0.023215446212266514,0.0027309705037623644,1
0.015017953442946702,0.0003219532663933933,1
-0.019875929030872506,0.004035907797515392,1
-0.02324338276020264,0.002062346087768674,1
0.025408702951152582,-0.004559188149869442,1
-0.04444815904198192,-0.007073035929352045,1
-0.0036217228627763356,0.004136047791689634,1
-0.04523304183081031,0.0023993460927158594,1
0.012827405649485604,0.017673714086413383,1
0.02260811512751443,0.013527254574000835,1
-0.047802768857778496,0.011432415805757046,1
0.02919935754392579,0.02302226983010769,1
-0.004453516593118817,0.013698902912437916,1
-0.037974438883356484,-0.005301333963871002,1
0.0029149093234057556,0.0037472799886018038,1
0.0033160475526749764,0.017970813438296318,1
0.01734014517052393,0.012453247793018818,1
0.03720289297847585,0.00923913437873125,1
0.011982556247730314,0.005669997539371252,1
-0.024781237126266172,-0.007452021352946758,1
-0.013843683919766816,-0.01573825441300869,1
-0.04382885273093078,0.002450281521305442,1
-0.0006591065589042802,0.0028717981185764074,1
0.016587285939137983,0.012972749769687653,1
-0.0035387450360349483,0.014231770299375057,1
-0.09385216085490629,0.011910487897694111,1
-0.051905245077545945,0.005103433039039373,1
0.022567538070933136,-0.014169307425618172,2
-0.011298541985064123,-0.01029519084841013,2
0.1,-0.0189941618591547,2
-0.06977728517222685,0.03245493769645691,2
-0.004991486551293633,0.006751848850399256,2
-0.022492859982025857,-0.013320605270564556,2
-0.018918012389119304,-0.00041651815990917385,2
-0.03753011615495289,0.019926361739635468,2
-0.0016536676101834111,0.009441203437745571,2
-0.034116169997263614,0.03020857460796833,2
0.03172031643485431,-0.0017260630847886205,2
0.03918001259039259,0.009706612676382065,2
0.024454932817753672,0.007063043303787708,2
0.026139352882967766,-0.0006651709554716945,2
0.004503139375677277,-0.008004514500498772,2
0.008513152838519394,-0.013993690721690655,2
-0.009860061316422409,-0.016143493354320526,2
0.04140766385039266,-0.008056419901549816,2
0.04244457598770763,9.01497551240027e-05,2
0.003761550633242888,-0.0037830474320799112,2
-0.02015951402925391,-0.01569906435906887,2
0.01604603933418832,-0.008097733370959759,2
0.0020087293320518217,0.000608304631896317,2
-0.009273522101016115,-0.011481789872050285,2
0.07624320477719689,-0.0028928392566740513,2
0.025629394205993573,0.01012403517961502,2
0.005063091443109469,0.0008769260020926595,2
-0.02375738850458925,0.003868368687108159,2
-0.005512946947922217,-0.009157780557870865,2
0.00014051823165986196,-0.0004109016736038029,2
-0.005213234292151286,-0.000930994690861553,2
-0.002514514817006033,-0.006573718041181564,2
0.0016822668928147314,-0.003781996201723814,2
-0.015052134936595728,0.0015350758330896497,2
0.02404442419192173,0.004177348222583532,2
0.001959693110436915,0.008317853324115276,2
0.0022815759781156767,0.0011492607882246375,2
0.003775445000765219,0.0009313245536759496,2
0.03551665797374724,0.002538906643167138,2
-0.006054919037820123,-0.005044892430305481,2
0.031151089804093944,0.0001686875184532255,2
-0.004852256046402606,0.0014032887993380427,2
0.018939550382334976,0.004520668648183346,2
-0.005245162160173158,-0.0008627250790596008,2
0.011944698981084316,0.005316866561770439,2
-0.01182942085750118,-0.003102775663137436,2
-0.0011242642875210077,0.0020804579835385084,2
-0.015244810219097274,0.006627658847719431,2
0.02856891475903526,0.002899755258113146,2
-0.006989033514628445,0.0042232791893184185,2
-0.0020961938711339645,-0.014315126463770866,2
-0.019476341636214495,0.008262625895440578,2
0.02343545282162674,-0.0011305124498903751,2
0.019380571640627772,-0.0001530354202259332,2
-0.004954701971823371,0.0027852014172822237,2
0.02426999451782878,-0.0008533862419426441,2
0.010330719705106265,0.007854715920984745,2
0.006060966954262559,-0.0036466994788497686,2
-0.02589849600597024,0.00530266622081399,2
-0.007886685013345449,0.0009342471603304148,2
0.007594703375258407,0.00012926224735565484,3
-0.0009184064839751064,0.0011661886237561703,3
0.0032244799695399,-0.00032894068863242865,3
0.016664198793587,0.00026610135682858527,3
-0.007589038771079571,-0.009174642153084278,3
-0.013469664745252661,-0.006749978754669428,3
0.004741352309945637,-0.004494424909353256,3
-0.01471408807799329,-0.005299343727529049,3
-0.010585266488622644,-0.0009748323354870081,3
-0.0021363174908775916,0.0041265166364610195,3
0.004083490425377045,0.0008969231857918203,3
0.012263340754110947,0.0010652013588696718,3
-0.011511046757792033,0.0026346095837652683,3
0.01236631173252073,0.006929009221494198,3
0.0017080820928616792,0.0075735365971922874,3
-0.00297015451204854,0.008675530552864075,3
0.006921599252500482,0.005913155619055033,3
-0.02487379158589128,0.00795646570622921,3
-0.006866331281990748,0.0036781644448637962,3
0.1,0.0042140306904911995,3
-0.03076151057280808,-0.0003868785861413926,3
0.034542572800988956,-0.008786777965724468,3
-0.016768356931848468,-0.006117835175246,3
0.011110827755799618,-0.008355198428034782,3
-0.01324819442056138,-0.006220056209713221,3
0.00975763555044512,-0.010877251625061035,3
-0.004468691350988404,-0.009271793067455292,3
0.031020558728372213,-0.01038376521319151,3
-0.012636365476370722,-0.01268254779279232,3
0.0026243951102297453,-0.007544718217104673,3
0.003955718484647959,-0.010854912921786308,3
-0.023007618236744878,-0.00461250776425004,3
-0.020924477031927798,-0.004527724348008633,3
-0.005016009246873105,-0.0035049987491220236,3
-0.011595362403358254,-0.0077028824016451836,3
0.021006317054089254,-0.013705937191843987,3
-0.0019760252132578256,-0.0029135120566934347,3
0.0010614559437708004,-0.004403241444379091,3
-0.008951182691109881,-0.0009353189379908144,3
0.004978327991224309,-0.0011905026622116566,3
-0.01666025137279853,0.008880974724888802,3
-0.00487173783889732,-0.003666842356324196,3
0.002635614824792557,0.00789773091673851,3
0.015615898151703693,-0.004665149841457605,3
0.005063004640440946,0.004816506057977676,3
-0.00019945469720795064,-0.002326885936781764,3
0.01765528929589819,-0.010407794266939163,3
-0.01808073598781144,-0.0024058017879724503,3
-0.0014372102053956059,0.002524568932130933,3
0.006226449717750562,-0.007635000627487898,3
0.011984616983829074,0.0007461112109012902,3
0.018527416688991365,-0.008192382752895355,3
-0.00421937556244976,-0.009415366686880589,3
0.005822749435214127,-0.0006856457330286503,3
-0.0023995864144693915,-0.0037968866527080536,3
-0.01645513967787314,0.003974069841206074,3
-0.012837509618783147,-0.005516867619007826,3
0.0069390180511237015,-0.0018844474107027054,3
-0.015567652227074263,-0.0018032137304544449,3
-0.006913814567383431,-0.005043583456426859,3
-0.00047072142417497423,0.0021296574268490076,4
-0.012207631388299944,0.0042967661283910275,4
-0.023476691999647574,-0.0006006931071169674,4
0.013445324960633886,-0.00032679419382475317,4
-0.022941859935964155,-0.0017531984485685825,4
0.0071517760648933245,-0.0016811835812404752,4
-0.0036115544569888824,0.012698574922978878,4
0.006653147609519006,0.0034806174226105213,4
0.021594438087548625,0.0007533950265496969,4
-0.039217988314609,-0.0036245305091142654,4
0.01463786283297029,-0.0009848602348938584,4
-0.009899327043387486,-0.011569908820092678,4
0.012480899507072638,-0.0009475075639784336,4
-0.007666397128163029,-0.003009175416082144,4
0.006787982013837044,-0.0030306538101285696,4
0.0210484371375758,-0.00656923046335578,4
0.0015013631508518518,-0.01098236907273531,4
0.00019083315388704214,-0.00859091617166996,4
0.0008041643807585911,-0.011185192503035069,4
0.005922479653611209,-0.0042708199471235275,4
0.016734409300663694,-0.004949755966663361,4
0.0008254391865893537,-0.00885954312980175,4
0.0003060119173459616,0.0012673871824517846,4
-0.1,0.004401138052344322,4
-0.027564439419363672,-0.007687677629292011,4
-0.01654697231557618,-0.0008704374195076525,4
-0.016426949787369673,-0.00476791663095355,4
0.0136631960648558,0.00578705407679081,4
-0.027111632765790015,0.002373355207964778,4
0.004465438536276326,-0.01216166652739048,4
0.016035827240922708,0.0059494273737072945,4
-0.007435389059722185,-0.00604753103107214,4
-0.029239472404906482,-0.004452482331544161,4
0.0014439079546312203,0.000848115305416286,4
-0.0007052558482812994,0.012584556825459003,4
-0.01229932988591982,0.0028650315944105387,4
-0.007201811057902887,-0.007614694070070982,4
-0.01240749518392443,0.0035216747783124447,4
-0.001983874335724793,-0.0036875344812870026,4
0.00861925409925716,-0.000193640953511931,4
0.03114637292069064,0.0019076801836490631,4
0.03709782814310947,-0.006310356315225363,4
-0.0041107548148767445,0.0013127370039001107,4
0.022379995844114292,-0.013815789483487606,4
-0.010986981398502604,-0.004393036477267742,4
0.009674201055549482,-0.00770611222833395,4
-0.011657874829207703,-0.003142522182315588,4
0.03371251049329149,0.0014237288851290941,4
0.017813779175403853,0.0066339136101305485,4
-0.009879083658219613,0.0021446910686790943,4
-0.014866907788968167,0.004485743585973978,4
-0.010450834424699287,0.0022502064239233732,4
0.003960557936591403,0.003731850069016218,4
-0.013077111861833347,-0.005507834255695343,4
0.005893679380504947,-0.006198402494192123,4
0.014778087527754367,-0.003656448097899556,4
-0.011709503968792702,-0.005072860047221184,4
0.022756813038495007,-0.0036152321845293045,4
-0.008585159575083596,0.0037981290370225906,4
0.00413549398094484,0.0038619283586740494,4
