index,date,price,action,buy_prob,sell_prob,regressor_pred,unified_confidence,confidence_tier,confidence_attribution,position_shares,reasoning,confidence,confidence_bucket
0,2024-01-09,183.40794372558594,SELL,,,0.00523288664963776,0.41359201533610696,high,regressor_only,-0.24500675254486393,"regressor_pred=0.00523, conf=0.414",0.41359201533610696,Low
1,2024-01-10,184.4480743408203,SELL,,,0.001270581897964993,0.2897212986358223,low,regressor_only,-0.49274818594543324,"regressor_pred=0.00127, conf=0.290",0.2897212986358223,Very Low
2,2024-01-11,183.85366821289062,SELL,,,0.0014610022120363755,0.2956742735472946,low,regressor_only,-0.48084223612248866,"regressor_pred=0.00146, conf=0.296",0.2956742735472946,Very Low
3,2024-01-12,184.1806182861328,SELL,,,0.004975757031155139,0.6555535548636089,high,regressor_only,-0.26108367348986017,"regressor_pred=0.00498, conf=0.656",0.6555535548636089,Medium
4,2024-01-16,181.9120330810547,BUY,,,0.01700264350309676,1.0,high,regressor_only,0.49089233053831377,"regressor_pred=0.01700, conf=1.000",1.0,Very High
5,2024-01-17,180.97091674804688,BUY,,,0.009746475133129996,0.8046971234437805,high,regressor_only,0.037203463670483085,"regressor_pred=0.00975, conf=0.805",0.8046971234437805,High
6,2024-01-18,186.86526489257812,BUY,,,0.009703456549804618,0.8033522640546342,high,regressor_only,0.03451374489219079,"regressor_pred=0.00970, conf=0.803",0.8033522640546342,High
7,2024-01-19,189.76785278320312,BUY,,,0.013637397235922442,0.9263362551371226,high,regressor_only,0.28048172705716734,"regressor_pred=0.01364, conf=0.926",0.9263362551371226,Very High
8,2024-01-22,192.07603454589844,BUY,,,0.020168449394493224,1.0,high,regressor_only,0.6888330086427474,"regressor_pred=0.02017, conf=1.000",1.0,Very High
9,2024-01-23,193.35397338867188,BUY,,,0.020609575182969016,1.0,high,regressor_only,0.7164142125117361,"regressor_pred=0.02061, conf=1.000",1.0,Very High
10,2024-01-24,192.68032836914062,BUY,,,0.01056989591750631,0.8304391420665389,high,regressor_only,0.08868750091599995,"regressor_pred=0.01057, conf=0.830",0.8304391420665389,High
11,2024-01-25,192.35342407226562,HOLD,,,-0.001409303153155168,0.04405804262168448,low,regressor_only,0.0,"regressor_pred=-0.00141, conf=0.044",0.04405804262168448,Very Low
12,2024-01-26,190.61981201171875,HOLD,,,-0.0009938196732911157,0.19773574461919968,low,regressor_only,0.0,"regressor_pred=-0.00099, conf=0.198",0.19773574461919968,Very Low
13,2024-01-29,189.93626403808594,SELL,,,-0.0008370079351544405,0.3595001173919383,high,regressor_only,-0.5,"regressor_pred=-0.00084, conf=0.360",0.3595001173919383,Low
14,2024-01-30,186.28076171875,HOLD,,,0.0034016775667125706,0.10634422755949738,low,regressor_only,0.0,"regressor_pred=0.00340, conf=0.106",0.10634422755949738,Very Low
15,2024-01-31,182.67483520507812,SELL,,,0.0038345424370436485,0.2865432409492802,low,regressor_only,-0.33243763465185083,"regressor_pred=0.00383, conf=0.287",0.2865432409492802,Very Low
16,2024-02-01,185.11181640625,SELL,,,0.005413033894104757,0.5025571639088631,high,regressor_only,-0.23374312206601824,"regressor_pred=0.00541, conf=0.503",0.5025571639088631,Medium
17,2024-02-02,184.1112823486328,BUY,,,0.012420888681451138,0.8883054129989021,high,regressor_only,0.2044200427807265,"regressor_pred=0.01242, conf=0.888",0.8883054129989021,High
18,2024-02-05,185.92413330078125,SELL,,,0.0008560237404085186,0.526761261660173,high,regressor_only,-0.5,"regressor_pred=0.00086, conf=0.527",0.526761261660173,Medium
19,2024-02-06,187.52899169921875,SELL,,,0.006640911432336424,0.7076100931709868,high,regressor_only,-0.15697059687510428,"regressor_pred=0.00664, conf=0.708",0.7076100931709868,High
20,2024-02-07,187.63795471191406,SELL,,,0.005491049579700511,0.6716627794939668,high,regressor_only,-0.22886522422914418,"regressor_pred=0.00549, conf=0.672",0.6716627794939668,Medium
21,2024-02-08,186.55816650390625,SELL,,,0.00877030136813218,0.7741796969779726,high,regressor_only,-0.02383138926113259,"regressor_pred=0.00877, conf=0.774",0.7741796969779726,High
22,2024-02-09,187.32192993164062,SELL,,,0.0029574509698236983,0.5924566872559096,high,regressor_only,-0.3872774087052587,"regressor_pred=0.00296, conf=0.592",0.5924566872559096,Medium
23,2024-02-12,185.63565063476562,BUY,,,0.014487773339599996,0.9529209587450074,high,regressor_only,0.333651134272937,"regressor_pred=0.01449, conf=0.953",0.9529209587450074,Very High
24,2024-02-13,183.54273986816406,BUY,,,0.012719012754216764,0.8976254539532218,high,regressor_only,0.22306012468936595,"regressor_pred=0.01272, conf=0.898",0.8976254539532218,High
25,2024-02-14,182.6599578857422,BUY,,,0.009529419001035091,0.7979114518884978,high,regressor_only,0.023632120559917622,"regressor_pred=0.00953, conf=0.798",0.7979114518884978,High
26,2024-02-15,182.37229919433594,SELL,,,0.004194983824800758,0.6311447971549378,high,regressor_only,-0.3099011889072022,"regressor_pred=0.00419, conf=0.631",0.6311447971549378,Medium
27,2024-02-16,180.83485412597656,BUY,,,0.01610042274540784,1.0,high,regressor_only,0.43448135819721895,"regressor_pred=0.01610, conf=1.000",1.0,Very High
28,2024-02-20,180.09092712402344,SELL,,,0.007312062854196109,0.7285918229597106,high,regressor_only,-0.1150071372976567,"regressor_pred=0.00731, conf=0.729",0.7285918229597106,High
29,2024-02-21,180.8447723388672,BUY,,,0.013637707331248592,0.9263459494268612,high,regressor_only,0.28050111563664465,"regressor_pred=0.01364, conf=0.926",0.9263459494268612,Very High
30,2024-02-22,182.87818908691406,BUY,,,0.014180205648983792,0.943305688679171,high,regressor_only,0.3144205941412641,"regressor_pred=0.01418, conf=0.943",0.943305688679171,Very High
31,2024-02-23,181.04315185546875,BUY,,,0.013322189061253525,0.9164821260498676,high,regressor_only,0.26077346888265734,"regressor_pred=0.01332, conf=0.916",0.9164821260498676,Very High
32,2024-02-26,179.6941375732422,BUY,,,0.01596719687189545,0.9991711249320829,high,regressor_only,0.4261514666470882,"regressor_pred=0.01597, conf=0.999",0.9991711249320829,Very High
33,2024-02-27,181.15225219726562,BUY,,,0.02605635824221937,1.0,high,regressor_only,1.0,"regressor_pred=0.02606, conf=1.000",1.0,Very High
34,2024-02-28,179.95205688476562,BUY,,,0.02482484788201463,1.0,high,regressor_only,0.9799723601264483,"regressor_pred=0.02482, conf=1.000",1.0,Very High
35,2024-02-29,179.2874755859375,BUY,,,0.023697820940407274,1.0,high,regressor_only,0.9095054759532935,"regressor_pred=0.02370, conf=1.000",1.0,Very High
36,2024-03-01,178.20628356933594,BUY,,,0.016991749282953317,1.0,high,regressor_only,0.4902111740187456,"regressor_pred=0.01699, conf=1.000",1.0,Very High
37,2024-03-04,173.68316650390625,BUY,,,0.016940385661053083,1.0,high,regressor_only,0.486999685223282,"regressor_pred=0.01694, conf=1.000",1.0,Very High
38,2024-03-05,168.74346923828125,SELL,,,0.0016993679169642845,0.5531261311293555,high,regressor_only,-0.4659385209583669,"regressor_pred=0.00170, conf=0.553",0.5531261311293555,Medium
39,2024-03-06,167.75155639648438,HOLD,,,-0.0005889796819902105,0.01841285310001274,low,regressor_only,0.0,"regressor_pred=-0.00059, conf=0.018",0.01841285310001274,Very Low
40,2024-03-07,167.63253784179688,SELL,,,-0.022287473220294958,0.6666666666666666,high,regressor_only,-0.5,"regressor_pred=-0.02229, conf=0.667",0.6666666666666666,Medium
41,2024-03-08,169.34854125976562,SELL,,,0.005004501598509942,0.32311884250534706,high,regressor_only,-0.259286431539717,"regressor_pred=0.00500, conf=0.323",0.32311884250534706,Low
42,2024-03-11,171.35218811035156,HOLD,,,0.00255931899219015,0.24667683693269826,low,regressor_only,0.0,"regressor_pred=0.00256, conf=0.247",0.24667683693269826,Very Low
43,2024-03-12,171.82830810546875,SELL,,,-0.015834071098473994,0.6616759751816672,high,regressor_only,-0.5,"regressor_pred=-0.01583, conf=0.662",0.6616759751816672,Medium
44,2024-03-13,169.74530029296875,SELL,,,-0.010338152312355763,0.4898609731489191,high,regressor_only,-0.5,"regressor_pred=-0.01034, conf=0.490",0.4898609731489191,Low
45,2024-03-14,171.60015869140625,SELL,,,0.003394807714628679,0.27279612692415445,low,regressor_only,-0.3599318627021023,"regressor_pred=0.00339, conf=0.273",0.27279612692415445,Very Low
46,2024-03-15,171.22323608398438,HOLD,,,0.0007453119207255616,0.18996682341169374,low,regressor_only,0.0,"regressor_pred=0.00075, conf=0.190",0.18996682341169374,Very Low
47,2024-03-18,172.31434631347656,SELL,,,-0.0034716276382628854,0.2751976935864393,low,regressor_only,-0.5,"regressor_pred=-0.00347, conf=0.275",0.2751976935864393,Very Low
48,2024-03-19,174.65524291992188,BUY,,,0.01055342705050632,0.6632576209183563,high,regressor_only,0.08765779195296819,"regressor_pred=0.01055, conf=0.663",0.6632576209183563,Medium
49,2024-03-20,177.22430419921875,SELL,,,0.008971672595260067,0.6138083558328011,high,regressor_only,-0.011240738218142275,"regressor_pred=0.00897, conf=0.614",0.6138083558328011,Medium
50,2024-03-21,169.9833526611328,HOLD,,,-0.000848208168676407,0.1931835956637676,low,regressor_only,0.0,"regressor_pred=-0.00085, conf=0.193",0.1931835956637676,Very Low
51,2024-03-22,170.88601684570312,SELL,,,0.002955584852279813,0.4257316814830673,high,regressor_only,-0.38739408691760996,"regressor_pred=0.00296, conf=0.426",0.4257316814830673,Low
52,2024-03-25,169.4675750732422,SELL,,,0.0014025460571977426,0.37718013366763303,high,regressor_only,-0.48449718254847846,"regressor_pred=0.00140, conf=0.377",0.37718013366763303,Low
53,2024-03-26,168.33682250976562,SELL,,,0.000603941678285806,0.3522139326872454,high,regressor_only,-0.5,"regressor_pred=0.00060, conf=0.352",0.3522139326872454,Low
54,2024-03-27,171.9076690673828,BUY,,,0.009389981434961033,0.7935523143846888,high,regressor_only,0.007456922776149928,"regressor_pred=0.00939, conf=0.794",0.7935523143846888,High
55,2024-03-28,170.09246826171875,BUY,,,0.011161294105943987,0.8489276032143338,high,regressor_only,0.06283221160579486,"regressor_pred=0.01116, conf=0.849",0.8489276032143338,High
56,2024-04-01,168.65420532226562,BUY,,,0.012700767511606788,0.8970550659038135,high,regressor_only,0.11095967429527458,"regressor_pred=0.01270, conf=0.897",0.8970550659038135,High
57,2024-04-02,167.4738311767578,BUY,,,0.010606116970918645,0.8315714951102897,high,regressor_only,0.04547610350175084,"regressor_pred=0.01061, conf=0.832",0.8315714951102897,High
58,2024-04-03,168.2772674560547,BUY,,,0.01788013947242067,1.0,high,regressor_only,0.2728786979575815,"regressor_pred=0.01788, conf=1.000",1.0,Very High
59,2024-04-04,167.45399475097656,BUY,,,0.01746981502178762,1.0,high,regressor_only,0.26005101635179173,"regressor_pred=0.01747, conf=1.000",1.0,Very High
60,2024-04-05,168.20782470703125,BUY,,,0.029041912093665308,1.0,high,regressor_only,0.5,"regressor_pred=0.02904, conf=1.000",1.0,Very High
61,2024-04-08,167.08700561523438,BUY,,,0.020961506207824405,1.0,high,regressor_only,0.3692092757027029,"regressor_pred=0.02096, conf=1.000",1.0,Very High
62,2024-04-09,168.29713439941406,BUY,,,0.009754070960628844,0.8049345863991013,high,regressor_only,0.018839194790562386,"regressor_pred=0.00975, conf=0.805",0.8049345863991013,High
63,2024-04-10,166.4224090576172,BUY,,,0.02013914557027524,1.0,high,regressor_only,0.343500399696557,"regressor_pred=0.02014, conf=1.000",1.0,Very High
64,2024-04-11,173.62368774414062,BUY,,,0.011022546685901536,0.8445900412552951,high,regressor_only,0.05849464964675624,"regressor_pred=0.01102, conf=0.845",0.8445900412552951,High
65,2024-04-12,175.12142944335938,BUY,,,0.010903324577557398,0.840862885235589,high,regressor_only,0.054767493627050114,"regressor_pred=0.01090, conf=0.841",0.840862885235589,High
66,2024-04-15,171.2926788330078,BUY,,,0.01870207969252725,1.0,high,regressor_only,0.29857443075208934,"regressor_pred=0.01870, conf=1.000",1.0,Very High
67,2024-04-16,168.00946044921875,BUY,,,0.014956621106207593,0.9675782131746402,high,regressor_only,0.18148282156610132,"regressor_pred=0.01496, conf=0.968",0.9675782131746402,Very High
68,2024-04-17,166.640625,BUY,,,0.011670269399201046,0.8648393359834684,high,regressor_only,0.07874394437492951,"regressor_pred=0.01167, conf=0.865",0.8648393359834684,High
69,2024-04-18,165.68838500976562,BUY,,,0.02200916916250054,1.0,high,regressor_only,0.4019616178846826,"regressor_pred=0.02201, conf=1.000",1.0,Very High
70,2024-04-19,163.66490173339844,BUY,,,0.011984250359036807,0.8746550995258056,high,regressor_only,0.08855970791726672,"regressor_pred=0.01198, conf=0.875",0.8746550995258056,High
71,2024-04-22,164.49810791015625,SELL,,,0.0035172296043090804,0.6099566487664263,high,regressor_only,-0.35227748568422523,"regressor_pred=0.00352, conf=0.610",0.6099566487664263,Medium
72,2024-04-23,165.5495147705078,SELL,,,0.004401337745633062,0.6375958930875816,high,regressor_only,-0.2969989970419146,"regressor_pred=0.00440, conf=0.638",0.6375958930875816,Medium
73,2024-04-24,167.6523895263672,BUY,,,0.009389643581281039,0.793541752305267,high,regressor_only,0.0074463606967280814,"regressor_pred=0.00939, conf=0.794",0.793541752305267,High
74,2024-04-25,168.5153350830078,BUY,,,0.02005378516764487,1.0,high,regressor_only,0.34083183811073126,"regressor_pred=0.02005, conf=1.000",1.0,Very High
75,2024-04-26,167.9301300048828,BUY,,,0.01868623539845383,1.0,high,regressor_only,0.29807910184997605,"regressor_pred=0.01869, conf=1.000",1.0,Very High
76,2024-04-29,172.09613037109375,BUY,,,0.022353767406637443,1.0,high,regressor_only,0.825469095641389,"regressor_pred=0.02235, conf=1.000",1.0,Very High
77,2024-04-30,168.95179748535156,SELL,,,0.008865333319396606,0.7771506133133659,high,regressor_only,-0.017889556590346096,"regressor_pred=0.00887, conf=0.777",0.7771506133133659,High
78,2024-05-01,167.9301300048828,BUY,,,0.010421170508649796,0.8257896453364295,high,regressor_only,0.03969425372789064,"regressor_pred=0.01042, conf=0.826",0.8257896453364295,High
79,2024-05-02,171.62991333007812,BUY,,,0.015590196750136738,0.9873852381300566,high,regressor_only,0.4025796930430355,"regressor_pred=0.01559, conf=0.987",0.9873852381300566,Very High
80,2024-05-03,181.89617919921875,BUY,,,0.016495956053075977,1.0,high,regressor_only,0.4592119114334394,"regressor_pred=0.01650, conf=1.000",1.0,Very High
81,2024-05-06,180.2397003173828,HOLD,,,-0.0015121859222087183,0.04727439349257419,low,regressor_only,0.0,"regressor_pred=-0.00151, conf=0.047",0.04727439349257419,Very Low
82,2024-05-07,180.92408752441406,SELL,,,0.007140776550985064,0.5565703543609771,high,regressor_only,-0.12571674116179013,"regressor_pred=0.00714, conf=0.557",0.5565703543609771,Medium
83,2024-05-08,181.26138305664062,SELL,,,0.007001987346897668,0.5522314861370452,high,regressor_only,-0.13439447760965414,"regressor_pred=0.00700, conf=0.552",0.5522314861370452,Medium
84,2024-05-09,183.07656860351562,SELL,,,0.003929139562633958,0.4561672303054021,high,regressor_only,-0.32652298927294016,"regressor_pred=0.00393, conf=0.456",0.4561672303054021,Low
85,2024-05-10,181.81512451171875,SELL,,,0.004662206186968503,0.6457512377210466,high,regressor_only,-0.2806883077749847,"regressor_pred=0.00466, conf=0.646",0.6457512377210466,Medium
86,2024-05-13,185.02334594726562,SELL,,,0.0011545532003774792,0.536093975946446,high,regressor_only,-0.5,"regressor_pred=0.00115, conf=0.536",0.536093975946446,Medium
87,2024-05-14,186.1655731201172,SELL,,,0.004379171255237499,0.6369029178562168,high,regressor_only,-0.2983849475046443,"regressor_pred=0.00438, conf=0.637",0.6369029178562168,Medium
88,2024-05-15,188.44012451171875,SELL,,,0.008649289999947057,0.7703966045998194,high,regressor_only,-0.031397574017438916,"regressor_pred=0.00865, conf=0.770",0.7703966045998194,High
89,2024-05-16,188.55929565429688,SELL,,,0.006495595880666874,0.70306719638209,high,regressor_only,-0.16605639045289766,"regressor_pred=0.00650, conf=0.703",0.70306719638209,High
90,2024-05-17,188.589111328125,BUY,,,0.01151227523642006,0.8599000767884557,high,regressor_only,0.14760937035983362,"regressor_pred=0.01151, conf=0.860",0.8599000767884557,High
91,2024-05-20,189.751220703125,SELL,,,0.0088753073203287,0.7774624234141175,high,regressor_only,-0.017265936388842808,"regressor_pred=0.00888, conf=0.777",0.7774624234141175,High
92,2024-05-21,191.05239868164062,BUY,,,0.011376369865945406,0.8556513638046788,high,regressor_only,0.13911194439227983,"regressor_pred=0.01138, conf=0.856",0.8556513638046788,High
93,2024-05-22,189.61215209960938,SELL,,,0.008407017662082288,0.7628226167294283,high,regressor_only,-0.04654554975822107,"regressor_pred=0.00841, conf=0.763",0.7628226167294283,High
94,2024-05-23,185.61927795410156,BUY,,,0.014049788053204882,0.939228536094519,high,regressor_only,0.3062662889719601,"regressor_pred=0.01405, conf=0.939",0.939228536094519,Very High
95,2024-05-24,188.6983642578125,SELL,,,0.0017787118472078782,0.5556066040159859,high,regressor_only,-0.46097757518510596,"regressor_pred=0.00178, conf=0.556",0.5556066040159859,Medium
96,2024-05-28,188.7082977294922,SELL,,,0.004457301831149456,0.6393454585089352,high,regressor_only,-0.2934998661992074,"regressor_pred=0.00446, conf=0.639",0.6393454585089352,Medium
97,2024-05-29,189.0062713623047,SELL,,,0.004246995461281161,0.6327707999718242,high,regressor_only,-0.3066491832734295,"regressor_pred=0.00425, conf=0.633",0.6327707999718242,Medium
98,2024-05-30,189.99952697753906,SELL,,,0.006389524830310605,0.6997511725393415,high,regressor_only,-0.17268843813839493,"regressor_pred=0.00639, conf=0.700",0.6997511725393415,Medium
99,2024-05-31,190.9530487060547,SELL,,,0.004826919920110946,0.6509005660674136,high,regressor_only,-0.27038965108225044,"regressor_pred=0.00483, conf=0.651",0.6509005660674136,Medium
100,2024-06-03,192.72103881835938,SELL,,,0.004395624001650032,0.6374172683712669,high,regressor_only,-0.297356246474544,"regressor_pred=0.00440, conf=0.637",0.6374172683712669,Medium
101,2024-06-04,193.03887939453125,SELL,,,0.008216257656660828,0.7568590222887608,high,regressor_only,-0.058472738639556224,"regressor_pred=0.00822, conf=0.757",0.7568590222887608,High
102,2024-06-05,194.5486297607422,BUY,,,0.011540687875181066,0.8607883209158632,high,regressor_only,0.1493858586146486,"regressor_pred=0.01154, conf=0.861",0.8607883209158632,High
103,2024-06-06,193.1680145263672,BUY,,,0.012135990182714664,0.8793988337635661,high,regressor_only,0.1866068843100543,"regressor_pred=0.01214, conf=0.879",0.8793988337635661,High
104,2024-06-07,195.56175231933594,BUY,,,0.014114737217771395,0.9412589956548398,high,regressor_only,0.3103272080926018,"regressor_pred=0.01411, conf=0.941",0.9412589956548398,Very High
105,2024-06-10,191.81719970703125,SELL,,,0.008291551692621536,0.7592128862094429,high,regressor_only,-0.05376501079819193,"regressor_pred=0.00829, conf=0.759",0.7592128862094429,High
106,2024-06-11,205.75254821777344,BUY,,,0.012605867669758708,0.8940882796111886,high,regressor_only,0.21598577600529933,"regressor_pred=0.01261, conf=0.894",0.8940882796111886,High
107,2024-06-12,211.6326141357422,BUY,,,0.011890324233841332,0.8717187538446884,high,regressor_only,0.17124672447229922,"regressor_pred=0.01189, conf=0.872",0.8717187538446884,High
108,2024-06-13,212.7947235107422,BUY,,,0.014679761296828658,0.9589229417700884,high,regressor_only,0.34565510032309915,"regressor_pred=0.01468, conf=0.959",0.9589229417700884,Very High
109,2024-06-14,211.0565185546875,SELL,,,0.005435653405130608,0.6699309682688128,high,regressor_only,-0.2323288466794522,"regressor_pred=0.00544, conf=0.670",0.6699309682688128,Medium
110,2024-06-17,215.2082977294922,BUY,,,0.013488884355063006,0.9216934025187025,high,regressor_only,0.27119602182032715,"regressor_pred=0.01349, conf=0.922",0.9216934025187025,Very High
111,2024-06-18,212.8443603515625,SELL,,,0.001202247373725421,0.537585004982651,high,regressor_only,-0.4970207732517758,"regressor_pred=0.00120, conf=0.538",0.537585004982651,Medium
112,2024-06-20,208.26547241210938,HOLD,,,-0.0006387874523883042,0.019969958018267807,low,regressor_only,0.0,"regressor_pred=-0.00064, conf=0.020",0.019969958018267807,Very Low
113,2024-06-21,206.09027099609375,BUY,,,0.009618447977757386,0.6340280348315507,high,regressor_only,0.029198619779356956,"regressor_pred=0.00962, conf=0.634",0.6340280348315507,Medium
114,2024-06-24,206.7358856201172,SELL,,,0.004049593259744324,0.4599328886091863,high,regressor_only,-0.3189916726653719,"regressor_pred=0.00405, conf=0.460",0.4599328886091863,Low
115,2024-06-25,207.65960693359375,HOLD,,,-0.0007047815393246724,0.18869975091048227,low,regressor_only,0.0,"regressor_pred=-0.00070, conf=0.189",0.18869975091048227,Very Low
116,2024-06-26,211.81138610839844,HOLD,,,-0.0009522293587649693,0.1964355361821861,low,regressor_only,0.0,"regressor_pred=-0.00095, conf=0.196",0.1964355361821861,Very Low
117,2024-06-27,212.65565490722656,BUY,,,0.009840598001917724,0.4743062864466263,high,regressor_only,0.04308845634284156,"regressor_pred=0.00984, conf=0.474",0.4743062864466263,Low
118,2024-06-28,209.1991424560547,SELL,,,0.007218663803029153,0.3923386214859236,high,regressor_only,-0.120846873578564,"regressor_pred=0.00722, conf=0.392",0.3923386214859236,Low
119,2024-07-01,215.28778076171875,SELL,,,0.008379198428678484,0.5952862571451922,high,regressor_only,-0.04828493559335999,"regressor_pred=0.00838, conf=0.595",0.5952862571451922,Medium
120,2024-07-02,218.78404235839844,SELL,,,0.002971116076913505,0.5928838897845101,high,regressor_only,-0.38642300364805765,"regressor_pred=0.00297, conf=0.593",0.5928838897845101,Medium
121,2024-07-03,220.05540466308594,HOLD,,,-0.006822182992098841,0.21327705708022915,low,regressor_only,0.0,"regressor_pred=-0.00682, conf=0.213",0.21327705708022915,Very Low
122,2024-07-05,224.81307983398438,SELL,,,-0.01400620277113077,0.6045326270719166,high,regressor_only,-0.5,"regressor_pred=-0.01401, conf=0.605",0.6045326270719166,Medium
123,2024-07-08,226.28311157226562,SELL,,,0.004997112573726196,0.32288784467629505,high,regressor_only,-0.259748427197821,"regressor_pred=0.00500, conf=0.323",0.32288784467629505,Low
124,2024-07-09,227.1372833251953,HOLD,,,0.0008978554402442531,0.19473568302118918,low,regressor_only,0.0,"regressor_pred=0.00090, conf=0.195",0.19473568302118918,Very Low
125,2024-07-10,231.4082794189453,SELL,,,-0.002823764895498282,0.25494402121664395,low,regressor_only,-0.5,"regressor_pred=-0.00282, conf=0.255",0.25494402121664395,Very Low
126,2024-07-11,226.0347900390625,SELL,,,-0.006462407258314195,0.3686963107415078,high,regressor_only,-0.5,"regressor_pred=-0.00646, conf=0.369",0.3686963107415078,Low
127,2024-07-12,228.9847412109375,BUY,,,0.012836102242307272,0.5679526060486576,high,regressor_only,0.2303810955469041,"regressor_pred=0.01284, conf=0.568",0.5679526060486576,Medium
128,2024-07-15,232.81871032714844,HOLD,,,0.0012335958619168878,0.20523169715041226,low,regressor_only,0.0,"regressor_pred=0.00123, conf=0.205",0.20523169715041226,Very Low
129,2024-07-16,233.2358856201172,SELL,,,-0.0029967958803846953,0.26035336589165603,low,regressor_only,-0.5,"regressor_pred=-0.00300, conf=0.260",0.26035336589165603,Very Low
130,2024-07-17,227.33595275878906,SELL,,,0.0019319025449301916,0.3937290292309239,high,regressor_only,-0.4513993914218966,"regressor_pred=0.00193, conf=0.394",0.3937290292309239,Low
131,2024-07-18,222.6676483154297,BUY,,,0.010584288485739784,0.6642224200290645,high,regressor_only,0.08958739017438451,"regressor_pred=0.01058, conf=0.664",0.6642224200290645,Medium
132,2024-07-19,222.79678344726562,BUY,,,0.00997239788840738,0.6450933192697825,high,regressor_only,0.05132918865582049,"regressor_pred=0.00997, conf=0.645",0.6450933192697825,Medium
133,2024-07-22,222.4491424560547,BUY,,,0.010449430618409123,0.8266731210580884,high,regressor_only,0.08115545889909906,"regressor_pred=0.01045, conf=0.827",0.8266731210580884,High
134,2024-07-23,223.49205017089844,BUY,,,0.010196813014267904,0.8187757164824128,high,regressor_only,0.06536064974774786,"regressor_pred=0.01020, conf=0.819",0.8187757164824128,High
135,2024-07-24,217.06568908691406,BUY,,,0.012215587941582201,0.8818872419140233,high,regressor_only,0.19158370061096894,"regressor_pred=0.01222, conf=0.882",0.8818872419140233,High
136,2024-07-25,216.0227813720703,SELL,,,0.0037540665009026227,0.61736071230034,high,regressor_only,-0.3374693586163979,"regressor_pred=0.00375, conf=0.617",0.61736071230034,Medium
137,2024-07-26,216.4896240234375,HOLD,,,-0.0018941930573900395,0.05921681099581038,low,regressor_only,0.0,"regressor_pred=-0.00189, conf=0.059",0.05921681099581038,Very Low
138,2024-07-29,216.7677459716797,SELL,,,0.0076841412832381484,0.5735571797144366,high,regressor_only,-0.09174309045487118,"regressor_pred=0.00768, conf=0.574",0.5735571797144366,Medium
139,2024-07-30,217.32394409179688,SELL,,,-0.003690744890259948,0.2820478004679997,low,regressor_only,-0.5,"regressor_pred=-0.00369, conf=0.282",0.2820478004679997,Very Low
140,2024-07-31,220.58181762695312,SELL,,,0.0055941658718121415,0.34155309749687945,high,regressor_only,-0.2224179215566523,"regressor_pred=0.00559, conf=0.342",0.34155309749687945,Low
141,2024-08-01,216.88693237304688,SELL,,,0.006900024583131582,0.5490438967374376,high,regressor_only,-0.1407696564088693,"regressor_pred=0.00690, conf=0.549",0.5490438967374376,Medium
142,2024-08-02,218.37680053710938,SELL,,,-0.004964287218420272,0.321861648928487,high,regressor_only,-0.5,"regressor_pred=-0.00496, conf=0.322",0.321861648928487,Low
143,2024-08-05,207.85824584960938,BUY,,,0.010213949985460784,0.6526447907636977,high,regressor_only,0.06643213164365103,"regressor_pred=0.01021, conf=0.653",0.6526447907636977,Medium
144,2024-08-06,205.83200073242188,HOLD,,,-0.002557681145758219,0.24662563410402066,low,regressor_only,0.0,"regressor_pred=-0.00256, conf=0.247",0.24662563410402066,Very Low
145,2024-08-07,208.40452575683594,BUY,,,0.012533349052983228,0.5584878483141512,high,regressor_only,0.14801610605452392,"regressor_pred=0.01253, conf=0.558",0.5584878483141512,Medium
146,2024-08-08,211.87098693847656,SELL,,,0.008387266608258283,0.5955384869078308,high,regressor_only,-0.033446333247657924,"regressor_pred=0.00839, conf=0.596",0.5955384869078308,Medium
147,2024-08-09,214.78121948242188,BUY,,,0.01959269826450076,0.8333333333333333,high,regressor_only,0.4569840884538437,"regressor_pred=0.01959, conf=0.833",0.8333333333333333,High
148,2024-08-12,216.3126220703125,BUY,,,0.013601936509779256,0.9252276716642802,high,regressor_only,0.19478519207803788,"regressor_pred=0.01360, conf=0.925",0.9252276716642802,Very High
149,2024-08-13,220.0316925048828,BUY,,,0.013418367908125072,0.919488896967313,high,regressor_only,0.26678701071754823,"regressor_pred=0.01342, conf=0.919",0.919488896967313,Very High
150,2024-08-14,220.47915649414062,BUY,,,0.010508023828100323,0.8285048789195086,high,regressor_only,0.08481897462193932,"regressor_pred=0.01051, conf=0.829",0.8285048789195086,High
151,2024-08-15,223.4623565673828,SELL,,,0.0059676991902464435,0.6865639374244137,high,regressor_only,-0.19906290836825033,"regressor_pred=0.00597, conf=0.687",0.6865639374244137,Medium
152,2024-08-16,224.78494262695312,SELL,,,0.006199161448983182,0.6937999774757708,high,regressor_only,-0.1845908282655362,"regressor_pred=0.00620, conf=0.694",0.6937999774757708,Medium
153,2024-08-19,224.6258087158203,BUY,,,0.009662668142569207,0.8020771250751855,high,regressor_only,0.03196346693329309,"regressor_pred=0.00966, conf=0.802",0.8020771250751855,High
154,2024-08-20,225.2423553466797,SELL,,,0.00900490538743609,0.7815139556565042,high,regressor_only,-0.009162871904069492,"regressor_pred=0.00900, conf=0.782",0.7815139556565042,High
155,2024-08-21,225.13296508789062,SELL,,,0.0003997646972999392,0.512497559544129,high,regressor_only,-0.5,"regressor_pred=0.00040, conf=0.512",0.512497559544129,Medium
156,2024-08-22,223.2734375,BUY,,,0.010102017787644545,0.8158122007011888,high,regressor_only,0.059433618185299714,"regressor_pred=0.01010, conf=0.816",0.8158122007011888,High
157,2024-08-23,225.5705108642578,SELL,,,0.007944255672621015,0.7483556176244207,high,regressor_only,-0.07547954796823632,"regressor_pred=0.00794, conf=0.748",0.7483556176244207,High
158,2024-08-26,225.9086151123047,BUY,,,0.012196925312021002,0.8813038053930738,high,regressor_only,0.1904168275690699,"regressor_pred=0.01220, conf=0.881",0.8813038053930738,High
159,2024-08-27,226.7538604736328,BUY,,,0.012776959759799202,0.899437009994968,high,regressor_only,0.22668323677285812,"regressor_pred=0.01278, conf=0.899",0.899437009994968,High
160,2024-08-28,225.22247314453125,BUY,,,0.013778538094136473,0.930748641452255,high,regressor_only,0.2893064996874323,"regressor_pred=0.01378, conf=0.931",0.930748641452255,Very High
161,2024-08-29,228.50399780273438,BUY,,,0.013713667846383953,0.9287206490121891,high,regressor_only,0.28525051480730046,"regressor_pred=0.01371, conf=0.929",0.9287206490121891,Very High
162,2024-08-30,227.71841430664062,BUY,,,0.010387340471031873,0.8247320409197172,high,regressor_only,0.07727329862235645,"regressor_pred=0.01039, conf=0.825",0.8247320409197172,High
163,2024-09-03,221.52328491210938,SELL,,,0.008314866831849677,0.759941770832701,high,regressor_only,-0.05230724155167578,"regressor_pred=0.00831, conf=0.760",0.759941770832701,High
164,2024-09-04,219.61402893066406,BUY,,,0.00938747672689677,0.7934740114770404,high,regressor_only,0.014757239737003013,"regressor_pred=0.00939, conf=0.793",0.7934740114770404,High
165,2024-09-05,221.13546752929688,HOLD,,,-0.004344758383379526,0.135827092706987,low,regressor_only,0.0,"regressor_pred=-0.00434, conf=0.136",0.135827092706987,Very Low
166,2024-09-06,219.5841827392578,SELL,,,0.006698491716211843,0.5427435179860374,high,regressor_only,-0.15337041391166972,"regressor_pred=0.00670, conf=0.543",0.5427435179860374,Medium
167,2024-09-09,219.67369079589844,SELL,,,0.00879022211954117,0.6081357986012004,high,regressor_only,-0.022585852681343728,"regressor_pred=0.00879, conf=0.608",0.6081357986012004,Medium
168,2024-09-10,218.87814331054688,HOLD,,,-0.0003356129125007094,0.17715869456729244,low,regressor_only,0.0,"regressor_pred=-0.00034, conf=0.177",0.17715869456729244,Very Low
169,2024-09-11,221.41390991210938,SELL,,,0.003964918042687462,0.45728574749285555,high,regressor_only,-0.32428595489803336,"regressor_pred=0.00396, conf=0.457",0.45728574749285555,Low
170,2024-09-12,221.52328491210938,BUY,,,0.014087917160371085,0.7737538725996995,high,regressor_only,0.30865029531565463,"regressor_pred=0.01409, conf=0.774",0.7737538725996995,High
171,2024-09-13,221.2548065185547,BUY,,,0.011956642440909966,0.7071253461408519,high,regressor_only,0.17539324239795928,"regressor_pred=0.01196, conf=0.707",0.7071253461408519,High
172,2024-09-16,215.109375,BUY,,,0.016222706684868114,1.0,high,regressor_only,0.44212710993576637,"regressor_pred=0.01622, conf=1.000",1.0,Very High
173,2024-09-17,215.57675170898438,SELL,,,0.0013033623057043132,0.5407460892198083,high,regressor_only,-0.4906986047774613,"regressor_pred=0.00130, conf=0.541",0.5407460892198083,Medium
174,2024-09-18,219.45494079589844,SELL,,,0.004146894218106925,0.6296414059671487,high,regressor_only,-0.31290797128278053,"regressor_pred=0.00415, conf=0.630",0.6296414059671487,Medium
175,2024-09-19,227.5891571044922,BUY,,,0.023563355044798635,1.0,high,regressor_only,0.9010980525446038,"regressor_pred=0.02356, conf=1.000",1.0,Very High
176,2024-09-20,226.92288208007812,BUY,,,0.016945699129775574,1.0,high,regressor_only,0.48733190761407197,"regressor_pred=0.01695, conf=1.000",1.0,Very High
177,2024-09-23,225.2025909423828,BUY,,,0.013468446254481712,0.9210544607094111,high,regressor_only,0.2699181382017445,"regressor_pred=0.01347, conf=0.921",0.9210544607094111,Very High
178,2024-09-24,226.09751892089844,BUY,,,0.01562766542648307,0.988556594722674,high,regressor_only,0.40492240622827025,"regressor_pred=0.01563, conf=0.989",0.988556594722674,Very High
179,2024-09-25,225.10311889648438,BUY,,,0.016122700574009347,1.0,high,regressor_only,0.4358742700343157,"regressor_pred=0.01612, conf=1.000",1.0,Very High
180,2024-09-26,226.24668884277344,BUY,,,0.009609638557848141,0.8004192988660974,high,regressor_only,0.028647814515117137,"regressor_pred=0.00961, conf=0.800",0.8004192988660974,High
181,2024-09-27,226.51516723632812,SELL,,,0.007749979781142909,0.7422821085373622,high,regressor_only,-0.0876265661423534,"regressor_pred=0.00775, conf=0.742",0.7422821085373622,High
182,2024-09-30,231.69602966308594,BUY,,,0.019064424031427187,1.0,high,regressor_only,0.619804288466417,"regressor_pred=0.01906, conf=1.000",1.0,Very High
183,2024-10-01,224.9440460205078,BUY,,,0.011478753659032304,0.8588521155446387,high,regressor_only,0.14551344787219944,"regressor_pred=0.01148, conf=0.859",0.8588521155446387,High
184,2024-10-02,225.51083374023438,SELL,,,0.004969223149586566,0.6553492907689825,high,regressor_only,-0.26149220167911275,"regressor_pred=0.00497, conf=0.655",0.6553492907689825,Medium
185,2024-10-03,224.40704345703125,SELL,,,0.005486552048105503,0.6715221763609491,high,regressor_only,-0.22914643049517947,"regressor_pred=0.00549, conf=0.672",0.6715221763609491,Medium
186,2024-10-04,225.53073120117188,SELL,,,0.007122885928433665,0.7226777192130319,high,regressor_only,-0.126835344791014,"regressor_pred=0.00712, conf=0.723",0.7226777192130319,High
187,2024-10-07,220.4493408203125,SELL,,,0.0044838551547465655,0.6401755761881369,high,regressor_only,-0.291839630840804,"regressor_pred=0.00448, conf=0.640",0.6401755761881369,Medium
188,2024-10-08,224.50650024414062,HOLD,,,-0.0008928169872205796,0.027911502779414593,low,regressor_only,0.0,"regressor_pred=-0.00089, conf=0.028",0.027911502779414593,Very Low
189,2024-10-09,228.25537109375,SELL,,,0.008086923173029623,0.5861490636025454,high,regressor_only,-0.0665593226786537,"regressor_pred=0.00809, conf=0.586",0.5861490636025454,Medium
190,2024-10-10,227.7581787109375,BUY,,,0.012711681185592327,0.7307295856685668,high,regressor_only,0.22260172145338927,"regressor_pred=0.01271, conf=0.731",0.7307295856685668,High
191,2024-10-11,226.2765350341797,SELL,,,0.007116694168477571,0.5558174839565,high,regressor_only,-0.12722248197074437,"regressor_pred=0.00712, conf=0.556",0.5558174839565,Medium
192,2024-10-14,230.00555419921875,BUY,,,0.012886554004081927,0.9028631769448463,high,regressor_only,0.23353557067261485,"regressor_pred=0.01289, conf=0.903",0.9028631769448463,Very High
193,2024-10-15,232.54127502441406,BUY,,,0.021267628195096755,1.0,high,regressor_only,0.7575586995452646,"regressor_pred=0.02127, conf=1.000",1.0,Very High
194,2024-10-16,230.48284912109375,BUY,,,0.016319523798329114,1.0,high,regressor_only,0.4481805591199584,"regressor_pred=0.01632, conf=1.000",1.0,Very High
195,2024-10-17,230.8507843017578,BUY,,,0.014329495371107868,0.947972827133801,high,regressor_only,0.32375487105052436,"regressor_pred=0.01433, conf=0.948",0.947972827133801,Very High
196,2024-10-18,233.68482971191406,BUY,,,0.012954882642840726,0.9049992866044161,high,regressor_only,0.23780778999175434,"regressor_pred=0.01295, conf=0.905",0.9049992866044161,Very High
197,2024-10-21,235.15655517578125,BUY,,,0.019380134376821886,1.0,high,regressor_only,0.6395439446537539,"regressor_pred=0.01938, conf=1.000",1.0,Very High
198,2024-10-22,234.5400390625,BUY,,,0.01308003910989711,0.9089119642618841,high,regressor_only,0.24563314530669061,"regressor_pred=0.01308, conf=0.909",0.9089119642618841,Very High
199,2024-10-23,229.46856689453125,BUY,,,0.012872689695558893,0.9024297469234486,high,regressor_only,0.23266871062981928,"regressor_pred=0.01287, conf=0.902",0.9024297469234486,Very High
200,2024-10-24,229.27964782714844,SELL,,,0.0019850848374997495,0.5620582961035879,high,regressor_only,-0.4480741910099019,"regressor_pred=0.00199, conf=0.562",0.5620582961035879,Medium
201,2024-10-25,230.1149444580078,HOLD,,,-0.0009877679893865756,0.030879888460689307,low,regressor_only,0.0,"regressor_pred=-0.00099, conf=0.031",0.030879888460689307,Very Low
202,2024-10-28,232.09378051757812,SELL,,,0.004551674704429532,0.4756291038911671,high,regressor_only,-0.2875992421014103,"regressor_pred=0.00455, conf=0.476",0.4756291038911671,Low
203,2024-10-29,232.3623046875,SELL,,,0.006536638675828937,0.5376836214437821,high,regressor_only,-0.16349020699618028,"regressor_pred=0.00654, conf=0.538",0.5376836214437821,Medium
204,2024-10-30,228.81227111816406,BUY,,,0.012572725362283939,0.7263855085463764,high,regressor_only,0.21391356720900837,"regressor_pred=0.01257, conf=0.726",0.7263855085463764,High
205,2024-10-31,224.64572143554688,BUY,,,0.012220235248007243,0.8820325273510794,high,regressor_only,0.19187427148508088,"regressor_pred=0.01222, conf=0.882",0.8820325273510794,High
206,2024-11-01,221.66249084472656,BUY,,,0.009895791267974196,0.8093650876205034,high,regressor_only,0.04653939202392889,"regressor_pred=0.00990, conf=0.809",0.8093650876205034,High
207,2024-11-04,220.7675323486328,SELL,,,0.004422261861911369,0.6382500288601063,high,regressor_only,-0.29569072549686515,"regressor_pred=0.00442, conf=0.638",0.6382500288601063,Medium
208,2024-11-05,222.199462890625,BUY,,,0.010108104986873891,0.8160025004833845,high,regressor_only,0.029907108874845625,"regressor_pred=0.01011, conf=0.816",0.8160025004833845,High
209,2024-11-06,221.4735565185547,BUY,,,0.01594351389877632,0.9984307409793792,high,regressor_only,0.21233534937084034,"regressor_pred=0.01594, conf=0.998",0.9984307409793792,Very High
210,2024-11-07,226.2069091796875,BUY,,,0.011078926573259809,0.8463526055940432,high,regressor_only,0.12051442797100866,"regressor_pred=0.01108, conf=0.846",0.8463526055940432,High
211,2024-11-08,225.93812561035156,BUY,,,0.023573923669878146,1.0,high,regressor_only,0.9017588513701273,"regressor_pred=0.02357, conf=1.000",1.0,Very High
212,2024-11-11,223.2204132080078,BUY,,,0.013253035200316976,0.9143202180559946,high,regressor_only,0.12822482644745575,"regressor_pred=0.01325, conf=0.914",0.9143202180559946,Very High
213,2024-11-12,223.2204132080078,BUY,,,0.015405511078118123,0.981611541256397,high,regressor_only,0.19551614964785816,"regressor_pred=0.01541, conf=0.982",0.981611541256397,Very High
214,2024-11-13,224.10643005371094,SELL,,,0.008839221309953271,0.7763342921248291,high,regressor_only,-0.019522198967419687,"regressor_pred=0.00884, conf=0.776",0.7763342921248291,High
215,2024-11-14,227.1924591064453,BUY,,,0.011741962423215393,0.8670806240275843,high,regressor_only,0.16197046483809088,"regressor_pred=0.01174, conf=0.867",0.8670806240275843,High
216,2024-11-15,223.98695373535156,BUY,,,0.01810739119393056,1.0,high,regressor_only,0.5599662139536644,"regressor_pred=0.01811, conf=1.000",1.0,Very High
217,2024-11-18,226.9933624267578,BUY,,,0.016001709874605717,1.0,high,regressor_only,0.4283093775848547,"regressor_pred=0.01600, conf=1.000",1.0,Very High
218,2024-11-19,227.252197265625,BUY,,,0.02677196804565322,1.0,high,regressor_only,1.0,"regressor_pred=0.02677, conf=1.000",1.0,Very High
219,2024-11-20,227.9689483642578,BUY,,,0.017176115118728862,1.0,high,regressor_only,0.5017385701398654,"regressor_pred=0.01718, conf=1.000",1.0,Very High
220,2024-11-21,227.49111938476562,BUY,,,0.013292812932556566,0.915563761021525,high,regressor_only,0.2589367388259721,"regressor_pred=0.01329, conf=0.916",0.915563761021525,Very High
221,2024-11-22,228.8350372314453,BUY,,,0.011060625382650012,0.8457804684820891,high,regressor_only,0.11937015374710044,"regressor_pred=0.01106, conf=0.846",0.8457804684820891,High
222,2024-11-25,231.82151794433594,BUY,,,0.009301687792127025,0.7907920529955793,high,regressor_only,0.009393322774080818,"regressor_pred=0.00930, conf=0.791",0.7907920529955793,High
223,2024-11-26,234.00167846679688,BUY,,,0.013226533614015929,0.9134917178031003,high,regressor_only,0.25479265238912285,"regressor_pred=0.01323, conf=0.913",0.9134917178031003,Very High
224,2024-11-27,233.8722381591797,BUY,,,0.022072557265708028,1.0,high,regressor_only,0.8078865501869493,"regressor_pred=0.02207, conf=1.000",1.0,Very High
225,2024-11-29,236.26145935058594,BUY,,,0.016217893057281454,1.0,high,regressor_only,0.44182613990117425,"regressor_pred=0.01622, conf=1.000",1.0,Very High
226,2024-12-02,238.51124572753906,SELL,,,0.008910339576216755,0.7785576119259676,high,regressor_only,-0.0150755593651426,"regressor_pred=0.00891, conf=0.779",0.7785576119259676,High
227,2024-12-03,241.5574951171875,SELL,,,0.006456489171043348,0.7018446311195845,high,regressor_only,-0.16850152097790894,"regressor_pred=0.00646, conf=0.702",0.7018446311195845,High
228,2024-12-04,241.91587829589844,HOLD,,,-0.004393609573145505,0.13735429272496108,low,regressor_only,0.0,"regressor_pred=-0.00439, conf=0.137",0.13735429272496108,Very Low
229,2024-12-05,241.94573974609375,SELL,,,0.003988949766361605,0.45803703418623837,high,regressor_only,-0.32278338151126773,"regressor_pred=0.00399, conf=0.458",0.45803703418623837,Low
230,2024-12-06,241.7466278076172,SELL,,,0.004831564041636223,0.48437908527054574,high,regressor_only,-0.27009927934265293,"regressor_pred=0.00483, conf=0.484",0.48437908527054574,Low
231,2024-12-09,245.6390380859375,SELL,,,0.006977534105793082,0.5514670218438857,high,regressor_only,-0.13592340619597307,"regressor_pred=0.00698, conf=0.551",0.5514670218438857,Medium
232,2024-12-10,246.65444946289062,BUY,,,0.011856814829765345,0.8706711731664634,high,regressor_only,0.16915156311584897,"regressor_pred=0.01186, conf=0.871",0.8706711731664634,High
233,2024-12-11,245.3802032470703,SELL,,,0.008238829667051969,0.7575646750034685,high,regressor_only,-0.057061433210140906,"regressor_pred=0.00824, conf=0.758",0.7575646750034685,High
234,2024-12-12,246.8435821533203,BUY,,,0.009837468816134218,0.8075417942693077,high,regressor_only,0.04289280532153757,"regressor_pred=0.00984, conf=0.808",0.8075417942693077,High
235,2024-12-13,247.0128173828125,BUY,,,0.012548268062623625,0.8922875840401411,high,regressor_only,0.21238438486320432,"regressor_pred=0.01255, conf=0.892",0.8922875840401411,High
236,2024-12-16,249.9097137451172,BUY,,,0.011690443578688243,0.8654700270152131,high,regressor_only,0.15874927081334836,"regressor_pred=0.01169, conf=0.865",0.8654700270152131,High
237,2024-12-17,252.33872985839844,BUY,,,0.013633227586430085,0.926205902349193,high,regressor_only,0.2802210214813081,"regressor_pred=0.01363, conf=0.926",0.926205902349193,Very High
238,2024-12-18,246.9331817626953,BUY,,,0.01346989926033156,0.9210998849983718,high,regressor_only,0.27000898677966595,"regressor_pred=0.01347, conf=0.921",0.9210998849983718,Very High
239,2024-12-19,248.66534423828125,SELL,,,0.003251148640444499,0.6016383487466477,high,regressor_only,-0.36891408572378237,"regressor_pred=0.00325, conf=0.602",0.6016383487466477,Medium
240,2024-12-20,253.3441925048828,BUY,,,0.01924557277698917,1.0,high,regressor_only,0.6311305373788194,"regressor_pred=0.01925, conf=1.000",1.0,Very High
241,2024-12-23,254.1206817626953,SELL,,,0.005801380972230777,0.6813644492080626,high,regressor_only,-0.20946188480095268,"regressor_pred=0.00580, conf=0.681",0.6813644492080626,Medium
242,2024-12-24,257.0375061035156,SELL,,,0.006379399992313438,0.6994346469266526,high,regressor_only,-0.1733214893637727,"regressor_pred=0.00638, conf=0.699",0.6994346469266526,Medium
243,2024-12-26,257.8537902832031,SELL,,,0.0008875322106001735,0.5277462885648103,high,regressor_only,-0.5,"regressor_pred=0.00089, conf=0.528",0.5277462885648103,Medium
244,2024-12-27,254.43922424316406,SELL,,,0.007430506272555735,0.7322946353479916,high,regressor_only,-0.10760151252109475,"regressor_pred=0.00743, conf=0.732",0.7322946353479916,High
245,2024-12-30,251.0644989013672,BUY,,,0.011977826259639621,0.8744542674731607,high,regressor_only,0.17671775172924353,"regressor_pred=0.01198, conf=0.874",0.8744542674731607,High
246,2024-12-31,249.29251098632812,HOLD,,,-0.0010621865816521634,0.033206384007472514,low,regressor_only,0.0,"regressor_pred=-0.00106, conf=0.033",0.033206384007472514,Very Low
247,2025-01-02,242.75209045410156,BUY,,,0.011336018287411041,0.6877232144237082,high,regressor_only,0.1365889789636719,"regressor_pred=0.01134, conf=0.688",0.6877232144237082,Medium
248,2025-01-03,242.26429748535156,HOLD,,,-0.0008876325924353585,0.19441609339743016,low,regressor_only,0.0,"regressor_pred=-0.00089, conf=0.194",0.19441609339743016,Very Low
249,2025-01-06,243.8969268798828,SELL,,,-0.006259177192864861,0.5290095403456601,high,regressor_only,-0.5,"regressor_pred=-0.00626, conf=0.529",0.5290095403456601,Medium
250,2025-01-07,241.11947631835938,HOLD,,,0.0020746457674130814,0.231524842454427,low,regressor_only,0.0,"regressor_pred=0.00207, conf=0.232",0.231524842454427,Very Low
251,2025-01-08,241.60726928710938,SELL,,,0.005535239701013438,0.33971093050905316,high,regressor_only,-0.22610225553230484,"regressor_pred=0.00554, conf=0.340",0.33971093050905316,Low
252,2025-01-10,235.7836151123047,BUY,,,0.016926963958665654,0.8333333333333333,high,regressor_only,0.48616049894243535,"regressor_pred=0.01693, conf=0.833",0.8333333333333333,High
253,2025-01-13,233.34461975097656,BUY,,,0.01982253921875714,1.0,high,regressor_only,0.6672051208008237,"regressor_pred=0.01982, conf=1.000",1.0,Very High
254,2025-01-14,232.22967529296875,BUY,,,0.030085326383251242,1.0,high,regressor_only,1.0,"regressor_pred=0.03009, conf=1.000",1.0,Very High
255,2025-01-15,236.79901123046875,BUY,,,0.03011757853654825,1.0,high,regressor_only,1.0,"regressor_pred=0.03012, conf=1.000",1.0,Very High
256,2025-01-16,227.23228454589844,BUY,,,0.02202977333169701,1.0,high,regressor_only,0.8052115027580683,"regressor_pred=0.02203, conf=1.000",1.0,Very High
257,2025-01-17,228.94454956054688,BUY,,,0.01754126671565908,1.0,high,regressor_only,0.5245695197264182,"regressor_pred=0.01754, conf=1.000",1.0,Very High
258,2025-01-21,221.63758850097656,SELL,,,0.0074863989888112464,0.7340419696028777,high,regressor_only,-0.1041068440113225,"regressor_pred=0.00749, conf=0.734",0.7340419696028777,High
259,2025-01-22,222.8222198486328,SELL,,,0.004773134392825932,0.6492191073633389,high,regressor_only,-0.27375256849040014,"regressor_pred=0.00477, conf=0.649",0.6492191073633389,Medium
260,2025-01-23,222.6529998779297,BUY,,,0.01603029251044518,1.0,high,regressor_only,0.4300964948352999,"regressor_pred=0.01603, conf=1.000",1.0,Very High
261,2025-01-24,221.77696228027344,BUY,,,0.01892113546451147,1.0,high,regressor_only,0.6108452312554271,"regressor_pred=0.01892, conf=1.000",1.0,Very High
262,2025-01-27,228.82508850097656,BUY,,,0.011715023340996,0.8662384466508051,high,regressor_only,0.0801430550422661,"regressor_pred=0.01172, conf=0.866",0.8662384466508051,High
263,2025-01-28,237.18727111816406,SELL,,,0.005706058273756657,0.6783844434493411,high,regressor_only,-0.21542189631839564,"regressor_pred=0.00571, conf=0.678",0.6783844434493411,Medium
264,2025-01-29,238.2823028564453,SELL,,,0.005273704510840388,0.6648680751139945,high,regressor_only,-0.24245463298908887,"regressor_pred=0.00527, conf=0.665",0.6648680751139945,Medium
265,2025-01-30,236.520263671875,BUY,,,0.011634115051167406,0.8637090683025517,high,regressor_only,0.15522735338802557,"regressor_pred=0.01163, conf=0.864",0.8637090683025517,High
266,2025-01-31,234.93743896484375,BUY,,,0.018070964481706767,1.0,high,regressor_only,0.5576886491357178,"regressor_pred=0.01807, conf=1.000",1.0,Very High
267,2025-02-03,226.9833984375,HOLD,,,-0.0018778903685701567,0.05870715162460526,low,regressor_only,0.0,"regressor_pred=-0.00188, conf=0.059",0.05870715162460526,Very Low
268,2025-02-04,231.75184631347656,SELL,,,0.00876018518201568,0.6071967751762117,high,regressor_only,-0.024463899531320814,"regressor_pred=0.00876, conf=0.607",0.6071967751762117,Medium
269,2025-02-05,231.42333984375,HOLD,,,-0.00036207133310432775,0.17798584536167397,low,regressor_only,0.0,"regressor_pred=-0.00036, conf=0.178",0.17798584536167397,Very Low
270,2025-02-06,232.16995239257812,BUY,,,0.010243436743634276,0.4868999476560535,high,regressor_only,0.06827577876169583,"regressor_pred=0.01024, conf=0.487",0.4868999476560535,Low
271,2025-02-07,226.60513305664062,BUY,,,0.014411758704309925,0.7838779005730894,high,regressor_only,0.3288983512624345,"regressor_pred=0.01441, conf=0.784",0.7838779005730894,High
272,2025-02-10,226.8741912841797,BUY,,,0.015871756914306232,0.8295207867183374,high,regressor_only,0.4201841235529305,"regressor_pred=0.01587, conf=0.830",0.8295207867183374,High
273,2025-02-11,231.82725524902344,BUY,,,0.01247959535308961,0.8901407179405212,high,regressor_only,0.1040453263319823,"regressor_pred=0.01248, conf=0.890",0.8901407179405212,High
274,2025-02-12,236.06277465820312,SELL,,,0.008021401059793296,0.7507673590219286,high,regressor_only,-0.07065606517322057,"regressor_pred=0.00802, conf=0.751",0.7507673590219286,High
275,2025-02-13,240.70689392089844,SELL,,,0.001901879002483949,0.5594570912334422,high,regressor_only,-0.45327660075019344,"regressor_pred=0.00190, conf=0.559",0.5594570912334422,Medium
276,2025-02-14,243.7664337158203,BUY,,,0.018110838366136355,1.0,high,regressor_only,0.5601817469419035,"regressor_pred=0.01811, conf=1.000",1.0,Very High
277,2025-02-18,243.6368865966797,SELL,,,0.006668302368433096,0.7084663965343144,high,regressor_only,-0.15525799014844902,"regressor_pred=0.00667, conf=0.708",0.7084663965343144,High
278,2025-02-19,244.03550720214844,BUY,,,0.011726840866301182,0.8666078895434948,high,regressor_only,0.16102499586991187,"regressor_pred=0.01173, conf=0.867",0.8666078895434948,High
279,2025-02-20,244.99224853515625,SELL,,,0.002296293174761176,0.5717873811174053,high,regressor_only,-0.42861602098226725,"regressor_pred=0.00230, conf=0.572",0.5717873811174053,Medium
280,2025-02-21,244.7132110595703,SELL,,,0.0022725030107135845,0.5710436461309057,high,regressor_only,-0.43010349095526634,"regressor_pred=0.00227, conf=0.571",0.5710436461309057,Medium
281,2025-02-24,246.25791931152344,SELL,,,0.006748121709078572,0.7109617318383759,high,regressor_only,-0.1502673195403262,"regressor_pred=0.00675, conf=0.711",0.7109617318383759,High
282,2025-02-25,246.19810485839844,BUY,,,0.009689929008749073,0.802929362155169,high,regressor_only,0.03366794109326014,"regressor_pred=0.00969, conf=0.803",0.802929362155169,High
283,2025-02-26,239.5408935546875,SELL,,,0.008998947506611003,0.7813276986636499,high,regressor_only,-0.009535385889777882,"regressor_pred=0.00900, conf=0.781",0.7813276986636499,High
284,2025-02-27,236.49131774902344,SELL,,,0.008664389853013455,0.7708686605719437,high,regressor_only,-0.030453462073190263,"regressor_pred=0.00866, conf=0.771",0.7708686605719437,High
285,2025-02-28,241.01583862304688,HOLD,,,-0.00045003554097048997,0.014069141192908122,low,regressor_only,0.0,"regressor_pred=-0.00045, conf=0.014",0.014069141192908122,Very Low
286,2025-03-03,237.21881103515625,SELL,,,0.007898419786555812,0.5802560162358369,high,regressor_only,-0.07834541741207067,"regressor_pred=0.00790, conf=0.580",0.5802560162358369,Medium
287,2025-03-04,235.1259765625,SELL,,,0.008840577159279599,0.6097100124117956,high,regressor_only,-0.01943742506015326,"regressor_pred=0.00884, conf=0.610",0.6097100124117956,Medium
288,2025-03-05,234.93663024902344,SELL,,,0.0041295440734922025,0.4624323340633856,high,regressor_only,-0.3139927817569733,"regressor_pred=0.00413, conf=0.462",0.4624323340633856,Low
289,2025-03-06,234.52801513671875,SELL,,,0.003795802978368792,0.6186654901254421,high,regressor_only,-0.3348598029661935,"regressor_pred=0.00380, conf=0.619",0.6186654901254421,Medium
290,2025-03-07,238.25527954101562,SELL,,,0.005244818485705755,0.6639650318449126,high,regressor_only,-0.2442607195272527,"regressor_pred=0.00524, conf=0.664",0.6639650318449126,Medium
291,2025-03-10,226.70477294921875,SELL,,,0.005348596204038936,0.6672093608789235,high,regressor_only,-0.2377720614592309,"regressor_pred=0.00535, conf=0.667",0.6672093608789235,Medium
292,2025-03-11,220.08740234375,SELL,,,0.007436121757072179,0.7324701882484537,high,regressor_only,-0.10725040672017036,"regressor_pred=0.00744, conf=0.732",0.7324701882484537,High
293,2025-03-12,216.24057006835938,BUY,,,0.014946997851369537,0.9672773681996856,high,regressor_only,0.12682738361380272,"regressor_pred=0.01495, conf=0.967",0.9672773681996856,Very High
294,2025-03-13,208.96543884277344,SELL,,,0.0023064249568640225,0.5721041238187335,high,regressor_only,-0.29958777490572747,"regressor_pred=0.00231, conf=0.572",0.5721041238187335,Medium
295,2025-03-14,212.76246643066406,SELL,,,0.00850468876752251,0.7658760390656789,high,regressor_only,-0.02830709356000391,"regressor_pred=0.00850, conf=0.766",0.7658760390656789,High
296,2025-03-17,213.27072143554688,HOLD,,,-0.0019864970595987403,0.06210244539913825,low,regressor_only,0.0,"regressor_pred=-0.00199, conf=0.062",0.06210244539913825,Very Low
297,2025-03-18,211.96519470214844,SELL,,,-0.006603323682255866,0.3731016807275309,high,regressor_only,-0.6895425679371645,"regressor_pred=-0.00660, conf=0.373",0.3731016807275309,Low
298,2025-03-19,214.50650024414062,HOLD,,,0.0012381348220835836,0.2053735954354155,low,regressor_only,0.0,"regressor_pred=0.00124, conf=0.205",0.2053735954354155,Very Low
299,2025-03-20,213.37037658691406,HOLD,,,0.0009158169915115548,0.19529720222982408,low,regressor_only,0.0,"regressor_pred=0.00092, conf=0.195",0.19529720222982408,Very Low
300,2025-03-21,217.5261688232422,HOLD,,,-0.0017478229438183317,0.2213076128545076,low,regressor_only,0.0,"regressor_pred=-0.00175, conf=0.221",0.2213076128545076,Very Low
301,2025-03-24,219.977783203125,SELL,,,-0.008223639346848825,0.42375645748822666,high,regressor_only,-1.0,"regressor_pred=-0.00822, conf=0.424",0.42375645748822666,Low
302,2025-03-25,222.98748779296875,SELL,,,-0.0048195841891924785,0.4840045676599193,high,regressor_only,-0.8735332518702499,"regressor_pred=-0.00482, conf=0.484",0.4840045676599193,Low
303,2025-03-26,220.77503967285156,HOLD,,,0.007663382254603122,0.23957487162621177,low,regressor_only,0.0,"regressor_pred=0.00766, conf=0.240",0.23957487162621177,Very Low
304,2025-03-27,223.08714294433594,BUY,,,0.01979614014225693,0.6666666666666666,high,regressor_only,0.33277726483854814,"regressor_pred=0.01980, conf=0.667",0.6666666666666666,Medium
305,2025-03-28,217.15740966796875,SELL,,,0.008732513241496709,0.6063316869713922,high,regressor_only,-0.026194075940959967,"regressor_pred=0.00873, conf=0.606",0.6063316869713922,Medium
306,2025-03-31,221.37301635742188,HOLD,,,-0.0027419604594079946,0.08571996061820347,low,regressor_only,0.0,"regressor_pred=-0.00274, conf=0.086",0.08571996061820347,Very Low
307,2025-04-01,222.4293975830078,HOLD,,,-0.0007343594258573778,0.1896244233506168,low,regressor_only,0.0,"regressor_pred=-0.00073, conf=0.190",0.1896244233506168,Very Low
308,2025-04-02,223.12701416015625,SELL,,,0.0045947580728391444,0.3103093219436801,high,regressor_only,-0.284905472663051,"regressor_pred=0.00459, conf=0.310",0.3103093219436801,Low
309,2025-04-03,202.49757385253906,BUY,,,0.009434881095228408,0.461622647211706,high,regressor_only,0.008860588936500416,"regressor_pred=0.00943, conf=0.462",0.461622647211706,Low
310,2025-04-04,187.738037109375,BUY,,,0.010957928187449595,0.6759032524079811,high,regressor_only,0.03953216922627627,"regressor_pred=0.01096, conf=0.676",0.6759032524079811,Medium
311,2025-04-07,180.84161376953125,SELL,,,0.007899228664557986,0.7469479702804647,high,regressor_only,-0.05480638985930399,"regressor_pred=0.00790, conf=0.747",0.7469479702804647,High
312,2025-04-08,171.83242797851562,HOLD,,,-0.0065433453096093875,0.20455995283466769,low,regressor_only,0.0,"regressor_pred=-0.00654, conf=0.205",0.20455995283466769,Very Low
313,2025-04-09,198.17234802246094,SELL,,,-0.02348887884343091,0.6666666666666666,high,regressor_only,-0.7,"regressor_pred=-0.02349, conf=0.667",0.6666666666666666,Medium
314,2025-04-10,189.7710723876953,SELL,,,-0.014789416871747436,0.7956843593893759,high,regressor_only,-0.7,"regressor_pred=-0.01479, conf=0.796",0.7956843593893759,High
315,2025-04-11,197.47471618652344,HOLD,,,0.0014908457101596498,0.04660724961376522,low,regressor_only,0.0,"regressor_pred=0.00149, conf=0.047",0.04660724961376522,Very Low
316,2025-04-14,201.829833984375,BUY,,,0.013073896746989392,0.5753866066034933,high,regressor_only,0.08583718382980142,"regressor_pred=0.01307, conf=0.575",0.5753866066034933,Medium
317,2025-04-15,201.45114135742188,SELL,,,-0.01331203067289308,0.5828312182426887,high,regressor_only,-0.7,"regressor_pred=-0.01331, conf=0.583",0.5828312182426887,Medium
318,2025-04-16,193.6079559326172,SELL,,,-0.004012061894249276,0.29209290554361084,low,regressor_only,-0.5761302826796764,"regressor_pred=-0.00401, conf=0.292",0.29209290554361084,Very Low
319,2025-04-17,196.3087158203125,BUY,,,0.013813422404965303,0.5985058715295575,high,regressor_only,0.10202066927804636,"regressor_pred=0.01381, conf=0.599",0.5985058715295575,Medium
320,2025-04-21,192.50172424316406,HOLD,,,0.0002707096801509484,0.1751296709532113,low,regressor_only,0.0,"regressor_pred=0.00027, conf=0.175",0.1751296709532113,Very Low
321,2025-04-22,199.059326171875,SELL,,,-0.0028300962698410985,0.2551419544718312,low,regressor_only,-0.5243989511791849,"regressor_pred=-0.00283, conf=0.255",0.2551419544718312,Very Low
322,2025-04-23,203.9027557373047,SELL,,,0.002178371008447578,0.40143419759462123,high,regressor_only,-0.30519233828615133,"regressor_pred=0.00218, conf=0.401",0.40143419759462123,Low
323,2025-04-24,207.65989685058594,SELL,,,0.007381623889879412,0.5640997935015694,high,regressor_only,-0.07746050401642406,"regressor_pred=0.00738, conf=0.564",0.5640997935015694,Medium
324,2025-04-25,208.56680297851562,SELL,,,0.00205647448696124,0.3976234332980563,high,regressor_only,-0.31052740830134234,"regressor_pred=0.00206, conf=0.398",0.3976234332980563,Low
325,2025-04-28,209.4238739013672,BUY,,,0.01597437148677225,0.9993954198166353,high,regressor_only,0.14931001974566746,"regressor_pred=0.01597, conf=0.999",0.9993954198166353,Very High
326,2025-04-29,210.49021911621094,BUY,,,0.014293927125358891,0.9468608823519573,high,regressor_only,0.11253584352039282,"regressor_pred=0.01429, conf=0.947",0.9468608823519573,Very High
327,2025-04-30,211.77584838867188,BUY,,,0.01052358614094852,0.8289913924430345,high,regressor_only,0.03002720058414698,"regressor_pred=0.01052, conf=0.829",0.8289913924430345,High
328,2025-05-01,212.59304809570312,BUY,,,0.025102404633296275,1.0,high,regressor_only,0.34906426762692333,"regressor_pred=0.02510, conf=1.000",1.0,Very High
329,2025-05-02,204.65020751953125,SELL,,,0.005445446488424654,0.6702371224700582,high,regressor_only,-0.16220157679387304,"regressor_pred=0.00545, conf=0.670",0.6702371224700582,Medium
330,2025-05-05,198.21221923828125,SELL,,,0.008535203584199198,0.7668300020868533,high,regressor_only,-0.0269715453303599,"regressor_pred=0.00854, conf=0.767",0.7668300020868533,High
331,2025-05-06,197.83349609375,BUY,,,0.016283666457269596,1.0,high,regressor_only,0.1560785078978692,"regressor_pred=0.01628, conf=1.000",1.0,Very High
332,2025-05-07,195.58120727539062,BUY,,,0.01091875460369958,0.8413452631738658,high,regressor_only,0.03867491009572879,"regressor_pred=0.01092, conf=0.841",0.8413452631738658,High
333,2025-05-08,196.81698608398438,SELL,,,0.006766575211772696,0.7115386305747455,high,regressor_only,-0.10437946544731071,"regressor_pred=0.00677, conf=0.712",0.7115386305747455,High
334,2025-05-09,197.8534393310547,BUY,,,0.014634692725218956,0.9575139950545197,high,regressor_only,0.11999302241218653,"regressor_pred=0.01463, conf=0.958",0.9575139950545197,Very High
335,2025-05-12,210.3471221923828,SELL,,,0.00422548777191267,0.6320984203686356,high,regressor_only,-0.21559575973586464,"regressor_pred=0.00423, conf=0.632",0.6320984203686356,Medium
336,2025-05-13,212.48263549804688,BUY,,,0.010883267801430644,0.8402358645016413,high,regressor_only,0.07579666205034341,"regressor_pred=0.01088, conf=0.840",0.8402358645016413,High
337,2025-05-14,211.8839111328125,BUY,,,0.009522541431958447,0.7976964433356296,high,regressor_only,0.016241472417926978,"regressor_pred=0.00952, conf=0.798",0.7976964433356296,High
338,2025-05-15,211.00575256347656,SELL,,,0.005898195694891019,0.6843910990582541,high,regressor_only,-0.14238600957039876,"regressor_pred=0.00590, conf=0.684",0.6843910990582541,Medium
339,2025-05-16,210.81614685058594,SELL,,,0.0028411583816458463,0.588821114742604,high,regressor_only,-0.27618398761230883,"regressor_pred=0.00284, conf=0.589",0.588821114742604,Medium
340,2025-05-19,208.3413543701172,HOLD,,,-0.000995319222902155,0.03111595730601251,low,regressor_only,0.0,"regressor_pred=-0.00100, conf=0.031",0.03111595730601251,Very Low
341,2025-05-20,206.42539978027344,HOLD,,,-0.0026581047450716395,0.2497651056995167,low,regressor_only,0.0,"regressor_pred=-0.00266, conf=0.250",0.2497651056995167,Very Low
342,2025-05-21,201.66542053222656,SELL,,,0.0031437325355036863,0.26494694208527114,low,regressor_only,-0.2629411626659082,"regressor_pred=0.00314, conf=0.265",0.26494694208527114,Very Low
343,2025-05-22,200.93695068359375,SELL,,,0.006981364649826656,0.3849201067522564,high,regressor_only,-0.09497873213212885,"regressor_pred=0.00698, conf=0.385",0.3849201067522564,Low
344,2025-05-23,194.8597412109375,BUY,,,0.009165119215125007,0.6198559399909357,high,regressor_only,0.0002990505343444295,"regressor_pred=0.00917, conf=0.620",0.6198559399909357,Medium
345,2025-05-27,199.78936767578125,SELL,,,-0.00847234948789855,0.2648650391563712,low,regressor_only,-0.7,"regressor_pred=-0.00847, conf=0.265",0.2648650391563712,Very Low
346,2025-05-28,199.99893188476562,SELL,,,0.007507459608001758,0.5680337061022418,high,regressor_only,-0.07195302637548256,"regressor_pred=0.00751, conf=0.568",0.5680337061022418,Medium
347,2025-05-29,199.5299072265625,SELL,,,0.007853627568598153,0.5788557089680357,high,regressor_only,-0.056802222363371124,"regressor_pred=0.00785, conf=0.579",0.5788557089680357,Medium
348,2025-05-30,200.4280242919922,SELL,,,0.002848899661024547,0.4223964581899781,high,regressor_only,-0.39406453350378823,"regressor_pred=0.00285, conf=0.422",0.4223964581899781,Low
349,2025-06-02,201.27622985839844,BUY,,,0.012701260478477144,0.8970704771766376,high,regressor_only,0.11097508556809874,"regressor_pred=0.01270, conf=0.897",0.8970704771766376,High
350,2025-06-03,202.8429412841797,SELL,,,0.008619113309927455,0.7694532121919557,high,regressor_only,-0.033284358833166355,"regressor_pred=0.00862, conf=0.769",0.7694532121919557,High
351,2025-06-04,202.3938751220703,SELL,,,0.006155184949696389,0.6924251714408931,high,regressor_only,-0.18734044033529174,"regressor_pred=0.00616, conf=0.692",0.6924251714408931,Medium
352,2025-06-05,200.20848083496094,SELL,,,0.008225035842978118,0.757133448487299,high,regressor_only,-0.057923886242479815,"regressor_pred=0.00823, conf=0.757",0.757133448487299,High
353,2025-06-06,203.49156188964844,HOLD,,,-0.0005841113288462627,0.01826065723652286,low,regressor_only,0.0,"regressor_pred=-0.00058, conf=0.018",0.01826065723652286,Very Low
354,2025-06-09,201.02674865722656,SELL,,,0.006162415456396932,0.5259845469651316,high,regressor_only,-0.18688835595348124,"regressor_pred=0.00616, conf=0.526",0.5259845469651316,Medium
355,2025-06-10,202.24420166015625,BUY,,,0.011155477498642883,0.6820790960885637,high,regressor_only,0.06265037114669143,"regressor_pred=0.01116, conf=0.682",0.6820790960885637,Medium
356,2025-06-11,198.36236572265625,BUY,,,0.013722596459989723,0.7623331112454436,high,regressor_only,0.14290438630357136,"regressor_pred=0.01372, conf=0.762",0.7623331112454436,High
357,2025-06-12,198.78147888183594,BUY,,,0.009179407858167671,0.7869693023474333,high,regressor_only,0.0008739107388945147,"regressor_pred=0.00918, conf=0.787",0.7869693023474333,High
358,2025-06-13,196.03726196289062,SELL,,,0.007625770479947082,0.7383990414528647,high,regressor_only,-0.09539270031134843,"regressor_pred=0.00763, conf=0.738",0.7383990414528647,High
359,2025-06-16,198.0031280517578,HOLD,,,-0.0018250034690634603,0.05705378608194105,low,regressor_only,0.0,"regressor_pred=-0.00183, conf=0.057",0.05705378608194105,Very Low
360,2025-06-17,195.2289581298828,BUY,,,0.017556256413702308,0.8333333333333333,high,regressor_only,0.2627533721371518,"regressor_pred=0.01756, conf=0.833",0.8333333333333333,High
361,2025-06-18,196.1669921875,BUY,,,0.013742483881007793,0.7629548375510208,high,regressor_only,0.14352611260914855,"regressor_pred=0.01374, conf=0.763",0.7629548375510208,High
362,2025-06-20,200.5777130126953,SELL,,,0.008064304674636053,0.5854419575664656,high,regressor_only,-0.06797353475081343,"regressor_pred=0.00806, conf=0.585",0.5854419575664656,Medium
363,2025-06-23,201.07664489746094,BUY,,,0.027412576779771925,1.0,high,regressor_only,1.0,"regressor_pred=0.02741, conf=1.000",1.0,Very High
364,2025-06-24,199.87918090820312,BUY,,,0.027694188210775714,1.0,high,regressor_only,1.0,"regressor_pred=0.02769, conf=1.000",1.0,Very High
365,2025-06-25,201.1365203857422,BUY,,,0.028016234265346305,1.0,high,regressor_only,1.0,"regressor_pred=0.02802, conf=1.000",1.0,Very High
366,2025-06-26,200.5777130126953,BUY,,,0.01862873152606786,1.0,high,regressor_only,0.5925627983326668,"regressor_pred=0.01863, conf=1.000",1.0,Very High
367,2025-06-27,200.6575469970703,BUY,,,0.01781687682797313,1.0,high,regressor_only,0.5418019257536296,"regressor_pred=0.01782, conf=1.000",1.0,Very High
368,2025-06-30,204.7389373779297,BUY,,,0.02180871272216907,1.0,high,regressor_only,0.7913897813849874,"regressor_pred=0.02181, conf=1.000",1.0,Very High
369,2025-07-01,207.3833770751953,BUY,,,0.025225327260753244,1.0,high,regressor_only,1.0,"regressor_pred=0.02523, conf=1.000",1.0,Very High
370,2025-07-02,211.99366760253906,BUY,,,0.028602909598565828,1.0,high,regressor_only,1.0,"regressor_pred=0.02860, conf=1.000",1.0,Very High
371,2025-07-03,213.10133361816406,BUY,,,0.015417582182358336,0.9819889116070668,high,regressor_only,0.3917870399970557,"regressor_pred=0.01542, conf=0.982",0.9819889116070668,Very High
372,2025-07-07,209.50889587402344,SELL,,,0.009133674472589209,0.785539572025367,high,regressor_only,-0.001111639166343909,"regressor_pred=0.00913, conf=0.786",0.785539572025367,High
373,2025-07-08,209.5687713623047,BUY,,,0.011233523675620099,0.8511856649040501,high,regressor_only,0.13018054659102232,"regressor_pred=0.01123, conf=0.851",0.8511856649040501,High
374,2025-07-09,210.69639587402344,BUY,,,0.011704431035218324,0.8659073069252108,high,regressor_only,0.1596238306333439,"regressor_pred=0.01170, conf=0.866",0.8659073069252108,High
375,2025-07-10,211.9637451171875,BUY,,,0.011529837231517282,0.8604491049565848,high,regressor_only,0.1487074266960917,"regressor_pred=0.01153, conf=0.860",0.8604491049565848,High
376,2025-07-11,210.7163543701172,BUY,,,0.009376079881410867,0.7931177199984849,high,regressor_only,0.014044656779891841,"regressor_pred=0.00938, conf=0.793",0.7931177199984849,High
377,2025-07-14,208.1816864013672,BUY,,,0.01515448547445586,0.9737639062599626,high,regressor_only,0.37533702930284724,"regressor_pred=0.01515, conf=0.974",0.9737639062599626,Very High
378,2025-07-15,208.67066955566406,HOLD,,,-0.0007103598629902999,0.02220747541101591,low,regressor_only,0.0,"regressor_pred=-0.00071, conf=0.022",0.02220747541101591,Very Low
379,2025-07-16,209.7184600830078,BUY,,,0.010800168453362066,0.6709713219905598,high,regressor_only,0.10308519409737497,"regressor_pred=0.01080, conf=0.671",0.6709713219905598,Medium
380,2025-07-17,209.57875061035156,BUY,,,0.010297400841510127,0.6552536555522328,high,regressor_only,0.07164986122072124,"regressor_pred=0.01030, conf=0.655",0.6552536555522328,Medium
381,2025-07-18,210.73631286621094,BUY,,,0.009989163428880779,0.6456174484431962,high,regressor_only,0.05237744700264796,"regressor_pred=0.00999, conf=0.646",0.6456174484431962,Medium
382,2025-07-21,212.03358459472656,BUY,,,0.027583563142810998,1.0,high,regressor_only,1.0,"regressor_pred=0.02758, conf=1.000",1.0,Very High
383,2025-07-22,213.9495391845703,BUY,,,0.01456499290618173,0.9553350191606598,high,regressor_only,0.3384792551042418,"regressor_pred=0.01456, conf=0.955",0.9553350191606598,Very High
384,2025-07-23,213.7000732421875,BUY,,,0.01601522400093842,1.0,high,regressor_only,0.42915434263389773,"regressor_pred=0.01602, conf=1.000",1.0,Very High
385,2025-07-24,213.31089782714844,BUY,,,0.02728594959131992,1.0,high,regressor_only,1.0,"regressor_pred=0.02729, conf=1.000",1.0,Very High
386,2025-07-25,213.43064880371094,BUY,,,0.02602776849685877,1.0,high,regressor_only,1.0,"regressor_pred=0.02603, conf=1.000",1.0,Very High
387,2025-07-28,213.6002960205078,BUY,,,0.03342597159125966,1.0,high,regressor_only,1.0,"regressor_pred=0.03343, conf=1.000",1.0,Very High
388,2025-07-29,210.8261260986328,BUY,,,0.02896976468632076,1.0,high,regressor_only,1.0,"regressor_pred=0.02897, conf=1.000",1.0,Very High
389,2025-07-30,208.6107940673828,BUY,,,0.01910066914597069,1.0,high,regressor_only,0.6220704989659966,"regressor_pred=0.01910, conf=1.000",1.0,Very High
390,2025-07-31,207.1339111328125,SELL,,,0.0007081330241941405,0.5221378593327625,high,regressor_only,-0.5,"regressor_pred=0.00071, conf=0.522",0.5221378593327625,Medium
391,2025-08-01,201.95480346679688,SELL,,,0.0007318319934432761,0.5228787433611072,high,regressor_only,-0.5264332964948636,"regressor_pred=0.00073, conf=0.523",0.5228787433611072,Medium
392,2025-08-04,202.9227752685547,SELL,,,0.004677350625467775,0.6462246875358636,high,regressor_only,-0.2797414081453506,"regressor_pred=0.00468, conf=0.646",0.6462246875358636,Medium
393,2025-08-05,202.49366760253906,BUY,,,0.016001705114257685,1.0,high,regressor_only,0.2141545399730509,"regressor_pred=0.01600, conf=1.000",1.0,Very High
394,2025-08-06,212.8019561767578,BUY,,,0.026043699404181612,1.0,high,regressor_only,1.0,"regressor_pred=0.02604, conf=1.000",1.0,Very High
395,2025-08-07,219.56771850585938,BUY,,,0.027297526041790726,1.0,high,regressor_only,1.0,"regressor_pred=0.02730, conf=1.000",1.0,Very High
396,2025-08-08,228.86813354492188,BUY,,,0.022565150278373407,1.0,high,regressor_only,0.8386857205408464,"regressor_pred=0.02257, conf=1.000",1.0,Very High
397,2025-08-11,226.95997619628906,SELL,,,0.007768760395655553,0.7428692335379747,high,regressor_only,-0.08645231614112828,"regressor_pred=0.00777, conf=0.743",0.7428692335379747,High
398,2025-08-12,229.42758178710938,HOLD,,,-0.0014691537021874002,0.04592910778909702,low,regressor_only,0.0,"regressor_pred=-0.00147, conf=0.046",0.04592910778909702,Very Low
399,2025-08-13,233.10403442382812,HOLD,,,-0.0011947129117390388,0.20401612712038913,low,regressor_only,0.0,"regressor_pred=-0.00119, conf=0.204",0.20401612712038913,Very Low
400,2025-08-14,232.5545654296875,HOLD,,,0.00019274584302239492,0.17269234293654598,low,regressor_only,0.0,"regressor_pred=0.00019, conf=0.173",0.17269234293654598,Very Low
401,2025-08-15,231.36570739746094,SELL,,,0.005834625866406393,0.3490704273679757,high,regressor_only,-0.20738326181445968,"regressor_pred=0.00583, conf=0.349",0.3490704273679757,Low
402,2025-08-18,230.66639709472656,SELL,,,0.003289730876051804,0.43617785108415935,high,regressor_only,-0.36650174771542576,"regressor_pred=0.00329, conf=0.436",0.43617785108415935,Low
403,2025-08-19,230.3367156982422,SELL,,,0.003756411664322413,0.6174340274771866,high,regressor_only,-0.3373227282627048,"regressor_pred=0.00376, conf=0.617",0.6174340274771866,Medium
404,2025-08-20,225.79110717773438,SELL,,,0.008418118931917124,0.7631696678365256,high,regressor_only,-0.04585144754402673,"regressor_pred=0.00842, conf=0.763",0.7631696678365256,High
405,2025-08-21,224.68218994140625,SELL,,,0.0071895558080057485,0.7247619722633378,high,regressor_only,-0.12266683869040211,"regressor_pred=0.00719, conf=0.725",0.7247619722633378,High
406,2025-08-22,227.53941345214844,SELL,,,0.0048409940631373065,0.6513405559957204,high,regressor_only,-0.2695096712256371,"regressor_pred=0.00484, conf=0.651",0.6513405559957204,Medium
407,2025-08-25,226.94000244140625,HOLD,,,-0.00029930150809708234,0.009356850278063496,low,regressor_only,0.0,"regressor_pred=-0.00030, conf=0.009",0.009356850278063496,Very Low
408,2025-08-26,229.08792114257812,SELL,,,0.006929260704292078,0.5499578848096973,high,regressor_only,-0.13894168026434983,"regressor_pred=0.00693, conf=0.550",0.5499578848096973,Medium
409,2025-08-27,230.26678466796875,SELL,,,0.005505672320650181,0.505453253182492,high,regressor_only,-0.22795094351876038,"regressor_pred=0.00551, conf=0.505",0.505453253182492,Medium
410,2025-08-28,232.33477783203125,SELL,,,0.0015690797707225731,0.3823863587668942,high,regressor_only,-0.474084732349956,"regressor_pred=0.00157, conf=0.382",0.3823863587668942,Low
411,2025-08-29,231.91517639160156,SELL,,,0.00757749972296144,0.7368899870922802,high,regressor_only,-0.09841080903251752,"regressor_pred=0.00758, conf=0.737",0.7368899870922802,High
412,2025-09-02,229.49752807617188,BUY,,,0.009566119596143702,0.7990587965033993,high,regressor_only,0.025926809789720714,"regressor_pred=0.00957, conf=0.799",0.7990587965033993,High
413,2025-09-03,238.2390594482422,BUY,,,0.009766641346262366,0.8053275654290373,high,regressor_only,0.038464347640996835,"regressor_pred=0.00977, conf=0.805",0.8053275654290373,High
414,2025-09-04,239.5477752685547,BUY,,,0.016593957089891545,1.0,high,regressor_only,0.46533938492602755,"regressor_pred=0.01659, conf=1.000",1.0,Very High
415,2025-09-05,239.45787048339844,SELL,,,0.0034510064585583644,0.6078863616380005,high,regressor_only,-0.3564180599410769,"regressor_pred=0.00345, conf=0.608",0.6078863616380005,Medium
416,2025-09-08,237.64962768554688,SELL,,,0.004319386933182391,0.6350339230957102,high,regressor_only,-0.3021229370256575,"regressor_pred=0.00432, conf=0.635",0.6350339230957102,Medium
417,2025-09-09,234.123046875,BUY,,,0.014476013959056384,0.9525533335906642,high,regressor_only,0.33291588396425054,"regressor_pred=0.01448, conf=0.953",0.9525533335906642,Very High
418,2025-09-10,226.5703582763672,HOLD,,,-9.055211591656053e-05,0.0028308664275700215,low,regressor_only,0.0,"regressor_pred=-0.00009, conf=0.003",0.0028308664275700215,Very Low
419,2025-09-11,229.80722045898438,SELL,,,-0.004350201872390779,0.30266393530090646,high,regressor_only,-0.5,"regressor_pred=-0.00435, conf=0.303",0.30266393530090646,Low
420,2025-09-12,233.84332275390625,BUY,,,0.01949335079437455,0.6666666666666666,high,regressor_only,0.6466227534094743,"regressor_pred=0.01949, conf=0.667",0.6666666666666666,Medium
421,2025-09-15,236.47076416015625,BUY,,,0.009194383109123282,0.4541041296390129,high,regressor_only,0.0026841427276146604,"regressor_pred=0.00919, conf=0.454",0.4541041296390129,Low
422,2025-09-16,237.9193572998047,SELL,,,0.0020525228614409487,0.397499896438575,high,regressor_only,-0.4438576570065945,"regressor_pred=0.00205, conf=0.397",0.397499896438575,Low
423,2025-09-17,238.75856018066406,BUY,,,0.013811926913392112,0.9317924523729638,high,regressor_only,0.29139412152884986,"regressor_pred=0.01381, conf=0.932",0.9317924523729638,Very High
424,2025-09-18,237.64962768554688,SELL,,,0.004609913167611794,0.6441164382313297,high,regressor_only,-0.2839579067544185,"regressor_pred=0.00461, conf=0.644",0.6441164382313297,Medium
425,2025-09-19,245.26223754882812,SELL,,,0.0054849211531956855,0.6714711908527657,high,regressor_only,-0.22924840151154643,"regressor_pred=0.00548, conf=0.671",0.6714711908527657,Medium
426,2025-09-22,255.8319854736328,SELL,,,0.004643199800301163,0.6451570545660603,high,regressor_only,-0.2818766740849573,"regressor_pred=0.00464, conf=0.645",0.6451570545660603,Medium
427,2025-09-23,254.18359375,SELL,,,0.0069428995323873475,0.7170509324634398,high,regressor_only,-0.13808891829019843,"regressor_pred=0.00694, conf=0.717",0.7170509324634398,High
428,2025-09-24,252.06564331054688,SELL,,,0.005568985670743202,0.6740992401044741,high,regressor_only,-0.22399230300812953,"regressor_pred=0.00557, conf=0.674",0.6740992401044741,Medium
429,2025-09-25,256.6212158203125,BUY,,,0.013843703629161931,0.9327858652484189,high,regressor_only,0.2933809472797601,"regressor_pred=0.01384, conf=0.933",0.9327858652484189,Very High
430,2025-09-26,255.2126007080078,SELL,,,0.0035966768454526754,0.6124403513882811,high,regressor_only,-0.34731008044051564,"regressor_pred=0.00360, conf=0.612",0.6124403513882811,Medium
431,2025-09-29,254.18359375,BUY,,,0.013692570134549428,0.9280610862451972,high,regressor_only,0.2839313892733165,"regressor_pred=0.01369, conf=0.928",0.9280610862451972,Very High
432,2025-09-30,254.38340759277344,SELL,,,0.007390094686682301,0.7310312766669047,high,regressor_only,-0.11012822988326837,"regressor_pred=0.00739, conf=0.731",0.7310312766669047,High
433,2025-10-01,255.20260620117188,SELL,,,0.00836211151787512,0.7614187478662775,high,regressor_only,-0.04935328748452285,"regressor_pred=0.00836, conf=0.761",0.7614187478662775,High
434,2025-10-02,256.8809814453125,BUY,,,0.010804404175506387,0.8377704070275042,high,regressor_only,0.10335003083793054,"regressor_pred=0.01080, conf=0.838",0.8377704070275042,High
435,2025-10-03,257.7701110839844,SELL,,,0.006925798841365664,0.7165163257166891,high,regressor_only,-0.13915813178369954,"regressor_pred=0.00693, conf=0.717",0.7165163257166891,High
436,2025-10-06,256.44140625,BUY,,,0.01275424809587836,0.8987269913912392,high,regressor_only,0.22526319956540053,"regressor_pred=0.01275, conf=0.899",0.8987269913912392,High
437,2025-10-07,256.23162841796875,BUY,,,0.011500382363756126,0.8595282783648527,high,regressor_only,0.14686577351262758,"regressor_pred=0.01150, conf=0.860",0.8595282783648527,High
438,2025-10-08,257.8100891113281,SELL,,,0.006014350497885755,0.6880223640913297,high,regressor_only,-0.1961460550344186,"regressor_pred=0.00601, conf=0.688",0.6880223640913297,Medium
439,2025-10-09,253.79396057128906,SELL,,,0.004196254906544839,0.6311845340799074,high,regressor_only,-0.30982171505726297,"regressor_pred=0.00420, conf=0.631",0.6311845340799074,Medium
440,2025-10-10,245.032470703125,SELL,,,0.0021175330572847373,0.5661989306429976,high,regressor_only,-0.43979292193108266,"regressor_pred=0.00212, conf=0.566",0.5661989306429976,Medium
441,2025-10-13,247.42015075683594,BUY,,,0.012630782450990672,0.8948671727052473,high,regressor_only,0.21754356219341686,"regressor_pred=0.01263, conf=0.895",0.8948671727052473,High
442,2025-10-14,247.53004455566406,SELL,,,0.0017079863696153627,0.5533955636878395,high,regressor_only,-0.46539965584139886,"regressor_pred=0.00171, conf=0.553",0.5533955636878395,Medium
443,2025-10-15,249.09852600097656,SELL,,,0.0051425949762502155,0.6607692909381764,high,regressor_only,-0.2506522013407252,"regressor_pred=0.00514, conf=0.661",0.6607692909381764,Medium
444,2025-10-16,247.21035766601562,BUY,,,0.011314724923763871,0.8537242017998505,high,regressor_only,0.1352576203826232,"regressor_pred=0.01131, conf=0.854",0.8537242017998505,High
445,2025-10-17,252.045654296875,BUY,,,0.016279687244645773,1.0,high,regressor_only,0.44568979540293663,"regressor_pred=0.01628, conf=1.000",1.0,Very High
446,2025-10-20,261.98602294921875,BUY,,,0.012673446984730188,0.8962009636938799,high,regressor_only,0.22021114417068208,"regressor_pred=0.01267, conf=0.896",0.8962009636938799,High
447,2025-10-21,262.5155029296875,BUY,,,0.020480202958853267,1.0,high,regressor_only,0.7083252687647604,"regressor_pred=0.02048, conf=1.000",1.0,Very High
448,2025-10-22,258.19970703125,BUY,,,0.027625421536271906,1.0,high,regressor_only,1.0,"regressor_pred=0.02763, conf=1.000",1.0,Very High
449,2025-10-23,259.3285827636719,BUY,,,0.01318551812687376,0.9122094797859547,high,regressor_only,0.2522281763548315,"regressor_pred=0.01319, conf=0.912",0.9122094797859547,Very High
450,2025-10-24,262.56549072265625,BUY,,,0.013558433141475595,0.9238676567869855,high,regressor_only,0.2755445303568931,"regressor_pred=0.01356, conf=0.924",0.9238676567869855,Very High
451,2025-10-27,268.5496520996094,SELL,,,0.008787181625418066,0.7747074124615444,high,regressor_only,-0.022775958293988978,"regressor_pred=0.00879, conf=0.775",0.7747074124615444,High
452,2025-10-28,268.7394714355469,HOLD,,,-0.0032001053385556765,0.10004261828572139,low,regressor_only,0.0,"regressor_pred=-0.00320, conf=0.100",0.10004261828572139,Very Low
453,2025-10-29,269.4388122558594,SELL,,,0.0006659330690744478,0.3541519254685918,high,regressor_only,-0.5,"regressor_pred=0.00067, conf=0.354",0.3541519254685918,Low
454,2025-10-30,271.13714599609375,SELL,,,0.005751010978726894,0.5131231012418617,high,regressor_only,-0.2126112474000211,"regressor_pred=0.00575, conf=0.513",0.5131231012418617,Medium
455,2025-10-31,270.108154296875,SELL,,,0.008449917671328872,0.5974971025547753,high,regressor_only,-0.04386324477419386,"regressor_pred=0.00845, conf=0.597",0.5974971025547753,Medium
456,2025-11-03,268.7894287109375,BUY,,,0.013613026528934492,0.9255743710493791,high,regressor_only,0.2789579588816803,"regressor_pred=0.01361, conf=0.926",0.9255743710493791,Very High
457,2025-11-04,269.7784729003906,BUY,,,0.009708697417819942,0.803516105585732,high,regressor_only,0.034841427954386245,"regressor_pred=0.00971, conf=0.804",0.803516105585732,High
458,2025-11-05,269.8783874511719,BUY,,,0.014161967967180613,0.9427355369978906,high,regressor_only,0.31328029077870334,"regressor_pred=0.01416, conf=0.943",0.9427355369978906,Very High
459,2025-11-06,269.50872802734375,BUY,,,0.01521167558348634,0.9755517999828727,high,regressor_only,0.3789128167486676,"regressor_pred=0.01521, conf=0.976",0.9755517999828727,Very High
460,2025-11-07,268.2099914550781,BUY,,,0.01961653107176884,1.0,high,regressor_only,0.654324548299294,"regressor_pred=0.01962, conf=1.000",1.0,Very High
461,2025-11-10,269.42999267578125,SELL,,,0.004768808900051704,0.6490838825576751,high,regressor_only,-0.27402301810172763,"regressor_pred=0.00477, conf=0.649",0.6490838825576751,Medium
462,2025-11-11,275.25,BUY,,,0.01295336073305895,0.9049517082208144,high,regressor_only,0.23771263322455097,"regressor_pred=0.01295, conf=0.905",0.9049517082208144,Very High
463,2025-11-12,273.4700012207031,BUY,,,0.01826635842405283,1.0,high,regressor_only,0.569905572968789,"regressor_pred=0.01827, conf=1.000",1.0,Very High
464,2025-11-13,272.95001220703125,BUY,,,0.017867594808287077,1.0,high,regressor_only,0.5449730460812254,"regressor_pred=0.01787, conf=1.000",1.0,Very High
465,2025-11-14,272.4100036621094,BUY,,,0.01617614800318415,1.0,high,regressor_only,0.4392160480007255,"regressor_pred=0.01618, conf=1.000",1.0,Very High
466,2025-11-17,267.4599914550781,BUY,,,0.01572063923777597,0.9914631688912426,high,regressor_only,0.41073555456540745,"regressor_pred=0.01572, conf=0.991",0.9914631688912426,Very High
467,2025-11-18,267.44000244140625,SELL,,,0.0072288804210828336,0.7259913496866073,high,regressor_only,-0.12020808384386314,"regressor_pred=0.00723, conf=0.726",0.7259913496866073,High
468,2025-11-19,268.55999755859375,BUY,,,0.015447512766589172,0.9829246101846097,high,regressor_only,0.39365843715214166,"regressor_pred=0.01545, conf=0.983",0.9829246101846097,Very High
469,2025-11-20,266.25,BUY,,,0.019188949505003557,1.0,high,regressor_only,0.627590191180152,"regressor_pred=0.01919, conf=1.000",1.0,Very High
470,2025-11-21,271.489990234375,BUY,,,0.01841739327900791,1.0,high,regressor_only,0.5793489635722558,"regressor_pred=0.01842, conf=1.000",1.0,Very High
471,2025-11-24,275.9200134277344,BUY,,,0.014821029364298941,0.9633393049377676,high,regressor_only,0.3544878266584576,"regressor_pred=0.01482, conf=0.963",0.9633393049377676,Very High
472,2025-11-25,276.9700012207031,BUY,,,0.018737694598228424,1.0,high,regressor_only,0.5993756684616975,"regressor_pred=0.01874, conf=1.000",1.0,Very High
473,2025-11-26,277.54998779296875,BUY,,,0.017271638435830454,1.0,high,regressor_only,0.5077111252523754,"regressor_pred=0.01727, conf=1.000",1.0,Very High
474,2025-11-28,278.8500061035156,BUY,,,0.01754887227440764,1.0,high,regressor_only,0.5250450540793437,"regressor_pred=0.01755, conf=1.000",1.0,Very High
475,2025-12-01,283.1000061035156,BUY,,,0.011846822321670577,0.8703587844894416,high,regressor_only,0.16852678576180535,"regressor_pred=0.01185, conf=0.870",0.8703587844894416,High
476,2025-12-02,286.19000244140625,SELL,,,0.008018459098195537,0.7506753865679003,high,regressor_only,-0.07084001008127706,"regressor_pred=0.00802, conf=0.751",0.7506753865679003,High
477,2025-12-03,284.1499938964844,SELL,,,0.005934711964952274,0.6855326812502345,high,regressor_only,-0.20112542071660894,"regressor_pred=0.00593, conf=0.686",0.6855326812502345,Medium
478,2025-12-04,280.70001220703125,BUY,,,0.01578544240424934,0.9934890642169656,high,regressor_only,0.4147873452168535,"regressor_pred=0.01579, conf=0.993",0.9934890642169656,Very High
479,2025-12-05,278.7799987792969,BUY,,,0.01103447804419422,0.8449630428277508,high,regressor_only,0.11773530243842385,"regressor_pred=0.01103, conf=0.845",0.8449630428277508,High
480,2025-12-08,277.8900146484375,SELL,,,0.004625480347312757,0.6446031039038139,high,regressor_only,-0.28298457540944993,"regressor_pred=0.00463, conf=0.645",0.6446031039038139,Medium
481,2025-12-09,277.17999267578125,SELL,,,0.0028751297271688418,0.5898831367678987,high,regressor_only,-0.3924245096812804,"regressor_pred=0.00288, conf=0.590",0.5898831367678987,Medium
482,2025-12-10,278.7799987792969,SELL,,,0.004418574631470037,0.6381347575960234,high,regressor_only,-0.29592126802503094,"regressor_pred=0.00442, conf=0.638",0.6381347575960234,Medium
483,2025-12-11,278.0299987792969,BUY,,,0.00986451471709301,0.8083873110444009,high,regressor_only,0.044583838871723784,"regressor_pred=0.00986, conf=0.808",0.8083873110444009,High
484,2025-12-12,278.2799987792969,SELL,,,0.007570612262228153,0.7366746693035823,high,regressor_only,-0.09884144460991331,"regressor_pred=0.00757, conf=0.737",0.7366746693035823,High
485,2025-12-15,274.1099853515625,SELL,,,0.008162582033877108,0.7551809994509802,high,regressor_only,-0.061828784315117444,"regressor_pred=0.00816, conf=0.755",0.7551809994509802,High
486,2025-12-16,274.6099853515625,SELL,,,0.0044457355064243306,0.6389838687214044,high,regressor_only,-0.294223045774269,"regressor_pred=0.00445, conf=0.639",0.6389838687214044,Medium
487,2025-12-17,271.8399963378906,BUY,,,0.012154177434671797,0.8799674088924194,high,regressor_only,0.1877440345677611,"regressor_pred=0.01215, conf=0.880",0.8799674088924194,High
488,2025-12-18,272.19000244140625,BUY,,,0.02108611072162407,1.0,high,regressor_only,0.7462093960757654,"regressor_pred=0.02109, conf=1.000",1.0,Very High
489,2025-12-19,273.6700134277344,BUY,,,0.018767395043959918,1.0,high,regressor_only,0.6012326763041785,"regressor_pred=0.01877, conf=1.000",1.0,Very High
490,2025-12-22,270.9700012207031,SELL,,,0.00892055411066004,0.7788769416548875,high,regressor_only,-0.014436899907302845,"regressor_pred=0.00892, conf=0.779",0.7788769416548875,High
491,2025-12-23,272.3599853515625,BUY,,,0.0111872342522359,0.849738551567343,high,regressor_only,0.12728631991760808,"regressor_pred=0.01119, conf=0.850",0.849738551567343,High
492,2025-12-24,273.80999755859375,SELL,,,0.0059504642613526955,0.6860251340944968,high,regressor_only,-0.20014051502808422,"regressor_pred=0.00595, conf=0.686",0.6860251340944968,Medium
493,2025-12-26,273.3999938964844,BUY,,,0.01635884678720276,1.0,high,regressor_only,0.4506392124138625,"regressor_pred=0.01636, conf=1.000",1.0,Very High
494,2025-12-29,273.760009765625,BUY,,,0.017356196072046057,1.0,high,regressor_only,0.5129980557925297,"regressor_pred=0.01736, conf=1.000",1.0,Very High
495,2025-12-30,273.0799865722656,BUY,,,0.0117163490188446,0.8662798903749785,high,regressor_only,0.16036899753287925,"regressor_pred=0.01172, conf=0.866",0.8662798903749785,High
496,2025-12-31,271.8599853515625,BUY,,,0.013690032929963788,0.9279817674219022,high,regressor_only,0.2837727516267267,"regressor_pred=0.01369, conf=0.928",0.9279817674219022,Very High
497,2026-01-02,271.010009765625,BUY,,,0.013514622654932374,0.9224980406904937,high,regressor_only,0.2728052981639095,"regressor_pred=0.01351, conf=0.922",0.9224980406904937,Very High
498,2026-01-05,267.260009765625,BUY,,,0.017999948783470388,1.0,high,regressor_only,0.5532484225560749,"regressor_pred=0.01800, conf=1.000",1.0,Very High
499,2026-01-06,262.3599853515625,BUY,,,0.029057789186160744,1.0,high,regressor_only,1.0,"regressor_pred=0.02906, conf=1.000",1.0,Very High
